userId,userName,department,accessLevel,accountStatus,logId,systemName,logType,logTimestamp,incidentId,incidentType,severityLevel,detectedAt,incidentStatus,alertId,threatScore,alertReason,alertStatus,auditId,loginTimestamp,loginStatus,ipAddress
4978,sruiz,IT,Manager,Inactive,LOG03107,Cloud Platform,File Access,2025-09-06 09:29:00,INC03107,Phishing,Low,2025-09-06 09:29:00,Open,ALT03107,25,Multiple failed login attempts,Triggered,AUD03107,2025-09-06 07:57:00,Failed,211.208.16.208
1252,garysawyer,Operations,Super Admin,Inactive,LOG03160,Web Server,Login Attempt,2025-06-12 01:24:00,INC03160,DDoS Attack,Medium,2025-06-12 01:24:00,Open,ALT03160,48,Malware detected,Resolved,AUD03160,2025-06-12 00:54:00,Failed,191.237.1.230
6718,jenniferhicks,Operations,Super Admin,Active,LOG01868,VPN,Privilege Escalation,2025-12-20 04:45:00,INC01868,Phishing,Low,2025-12-20 04:45:00,In Progress,ALT01868,29,Multiple failed login attempts,Investigating,AUD01868,2025-12-20 04:03:00,Failed,172.169.181.201
6719,kylechambers,Admin,User,Inactive,LOG03239,Firewall,Privilege Escalation,2026-05-15 00:46:00,INC03239,Phishing,High,2026-05-15 00:46:00,Open,ALT03239,69,Multiple failed login attempts,Triggered,AUD03239,2026-05-14 23:15:00,Failed,214.90.169.154
3388,dgentry,Finance,Admin,Inactive,LOG02005,Firewall,Network Scan,2026-01-06 12:25:00,INC02005,Phishing,Medium,2026-01-06 12:25:00,In Progress,ALT02005,59,Malware detected,Investigating,AUD02005,2026-01-06 11:00:00,Success,110.229.53.165
8886,linda76,Security,Super Admin,Active,LOG01627,Web Server,Login Attempt,2025-02-17 02:16:00,INC01627,Phishing,Medium,2025-02-17 02:16:00,Closed,ALT01627,41,Multiple failed login attempts,Resolved,AUD01627,2025-02-17 01:17:00,Failed,192.126.46.231
5225,tamara93,IT,Super Admin,Active,LOG02143,Database Server,Login Attempt,2025-11-10 22:48:00,INC02143,SQL Injection,Low,2025-11-10 22:48:00,Resolved,ALT02143,10,Suspicious IP activity,Resolved,AUD02143,2025-11-10 22:28:00,Failed,149.13.226.64
9074,kimalexander,HR,Super Admin,Active,LOG02458,Firewall,System Error,2025-07-10 02:20:00,INC02458,Phishing,High,2025-07-10 02:20:00,Closed,ALT02458,64,Multiple failed login attempts,Triggered,AUD02458,2025-07-10 01:18:00,Failed,93.176.94.209
2217,gmunoz,Admin,User,Active,LOG00153,Cloud Platform,File Access,2026-04-01 17:41:00,INC00153,Unauthorized Access,Medium,2026-04-01 17:41:00,Open,ALT00153,60,Suspicious IP activity,Triggered,AUD00153,2026-04-01 17:13:00,Success,189.35.222.111
8613,gmoore,Finance,Manager,Active,LOG03245,VPN,File Access,2025-06-22 11:40:00,INC03245,SQL Injection,Medium,2025-06-22 11:40:00,Resolved,ALT03245,43,Multiple failed login attempts,Investigating,AUD03245,2025-06-22 11:09:00,Failed,126.66.146.40
9612,padillaanthony,Security,User,Active,LOG02104,VPN,System Error,2026-03-16 09:35:00,INC02104,SQL Injection,Low,2026-03-16 09:35:00,Resolved,ALT02104,28,Malware detected,Triggered,AUD02104,2026-03-16 09:10:00,Success,142.60.150.163
5575,camachoadam,Operations,Manager,Active,LOG02953,Web Server,File Access,2025-02-03 16:54:00,INC02953,Malware,Medium,2025-02-03 16:54:00,Open,ALT02953,32,Suspicious IP activity,Investigating,AUD02953,2025-02-03 16:08:00,Failed,207.76.218.177
3596,meghan76,Operations,Manager,Inactive,LOG01933,VPN,Login Attempt,2026-02-20 14:52:00,INC01933,Unauthorized Access,Low,2026-02-20 14:52:00,Open,ALT01933,27,Suspicious IP activity,Investigating,AUD01933,2026-02-20 13:28:00,Failed,207.194.12.54
9078,nancyrowland,Operations,Admin,Inactive,LOG00218,Firewall,System Error,2026-01-11 13:10:00,INC00218,Unauthorized Access,Low,2026-01-11 13:10:00,In Progress,ALT00218,24,Unauthorized access detected,Triggered,AUD00218,2026-01-11 11:27:00,Failed,201.33.235.155
1828,joseph51,HR,Manager,Inactive,LOG00231,Database Server,System Error,2026-03-05 01:15:00,INC00231,SQL Injection,High,2026-03-05 01:15:00,Open,ALT00231,67,Multiple failed login attempts,Triggered,AUD00231,2026-03-05 00:27:00,Failed,26.10.195.183
4118,rodriguezrachel,HR,Super Admin,Inactive,LOG02288,Web Server,File Access,2025-01-17 10:06:00,INC02288,Unauthorized Access,Low,2025-01-17 10:06:00,Closed,ALT02288,26,Suspicious IP activity,Triggered,AUD02288,2025-01-17 10:05:00,Success,131.40.6.17
9855,cathysutton,Operations,Admin,Inactive,LOG01406,Database Server,System Error,2026-03-07 02:10:00,INC01406,SQL Injection,Medium,2026-03-07 02:10:00,Closed,ALT01406,60,Suspicious IP activity,Triggered,AUD01406,2026-03-07 01:10:00,Failed,94.24.153.127
9691,cortiz,HR,Super Admin,Active,LOG00682,Firewall,File Access,2025-05-10 18:26:00,INC00682,Data Breach,High,2025-05-10 18:26:00,Closed,ALT00682,77,Suspicious IP activity,Investigating,AUD00682,2025-05-10 17:54:00,Failed,8.223.114.84
7161,smithleslie,IT,Admin,Inactive,LOG01833,Database Server,System Error,2025-02-04 06:56:00,INC01833,Unauthorized Access,Low,2025-02-04 06:56:00,In Progress,ALT01833,21,Multiple failed login attempts,Investigating,AUD01833,2025-02-04 05:57:00,Failed,134.160.249.205
3598,randyjones,HR,Admin,Inactive,LOG00933,VPN,Login Attempt,2025-09-09 00:19:00,INC00933,Ransomware,High,2025-09-09 00:19:00,Resolved,ALT00933,74,Malware detected,Resolved,AUD00933,2025-09-08 23:31:00,Failed,172.0.152.64
3859,kyleweiss,Finance,Super Admin,Inactive,LOG01804,Web Server,System Error,2025-10-31 05:02:00,INC01804,SQL Injection,Low,2025-10-31 05:02:00,Closed,ALT01804,28,Suspicious IP activity,Triggered,AUD01804,2025-10-31 03:49:00,Failed,199.159.62.62
4915,jbennett,IT,User,Active,LOG02292,Web Server,Privilege Escalation,2026-05-11 22:49:00,INC02292,Data Breach,Low,2026-05-11 22:49:00,Open,ALT02292,17,Unauthorized access detected,Resolved,AUD02292,2026-05-11 21:10:00,Failed,210.223.185.18
8420,kerri35,Operations,Super Admin,Inactive,LOG03007,VPN,File Access,2025-07-01 07:21:00,INC03007,DDoS Attack,High,2025-07-01 07:21:00,Resolved,ALT03007,69,Suspicious IP activity,Investigating,AUD03007,2025-07-01 07:11:00,Failed,162.112.220.248
2408,cynthia97,Admin,Super Admin,Active,LOG01774,Web Server,System Error,2025-10-03 18:43:00,INC01774,Phishing,High,2025-10-03 18:43:00,Closed,ALT01774,68,Malware detected,Resolved,AUD01774,2025-10-03 17:40:00,Failed,125.12.4.38
2005,xmcgee,Admin,Super Admin,Active,LOG01653,Cloud Platform,Network Scan,2025-04-18 10:12:00,INC01653,Malware,High,2025-04-18 10:12:00,In Progress,ALT01653,62,Unauthorized access detected,Triggered,AUD01653,2025-04-18 10:01:00,Failed,202.138.157.75
2623,laceypham,HR,User,Active,LOG04473,Cloud Platform,Privilege Escalation,2025-07-03 01:13:00,INC04473,Unauthorized Access,Low,2025-07-03 01:13:00,In Progress,ALT04473,22,Unauthorized access detected,Resolved,AUD04473,2025-07-03 00:54:00,Failed,202.109.206.206
3203,kimberlybanks,IT,User,Active,LOG01057,Database Server,Privilege Escalation,2025-12-05 14:14:00,INC01057,SQL Injection,Low,2025-12-05 14:14:00,In Progress,ALT01057,11,Multiple failed login attempts,Triggered,AUD01057,2025-12-05 13:13:00,Failed,32.219.79.129
2749,ostewart,Security,User,Inactive,LOG02314,VPN,Network Scan,2026-03-07 18:09:00,INC02314,Malware,Low,2026-03-07 18:09:00,In Progress,ALT02314,18,Suspicious IP activity,Resolved,AUD02314,2026-03-07 16:53:00,Success,192.238.95.119
2465,zfisher,IT,User,Active,LOG04190,Cloud Platform,System Error,2025-09-21 18:35:00,INC04190,Brute Force,Critical,2025-09-21 18:35:00,In Progress,ALT04190,93,Malware detected,Resolved,AUD04190,2025-09-21 18:27:00,Failed,209.31.101.200
6944,christopherhaas,IT,Super Admin,Inactive,LOG03415,Email Server,Network Scan,2025-04-28 05:35:00,INC03415,Data Breach,High,2025-04-28 05:35:00,Closed,ALT03415,74,Multiple failed login attempts,Investigating,AUD03415,2025-04-28 04:37:00,Success,200.221.105.17
4310,williamsamy,Security,Admin,Inactive,LOG04153,Database Server,Privilege Escalation,2025-09-28 17:00:00,INC04153,Data Breach,Critical,2025-09-28 17:00:00,Open,ALT04153,81,Malware detected,Resolved,AUD04153,2025-09-28 15:35:00,Failed,202.83.95.209
6945,sgallagher,IT,Manager,Inactive,LOG02641,Web Server,Network Scan,2025-08-04 04:36:00,INC02641,DDoS Attack,Medium,2025-08-04 04:36:00,Resolved,ALT02641,31,Unauthorized access detected,Triggered,AUD02641,2025-08-04 02:56:00,Failed,50.174.48.67
8817,holmesdavid,Operations,Super Admin,Inactive,LOG00491,Database Server,Network Scan,2025-01-03 12:07:00,INC00491,Data Breach,Medium,2025-01-03 12:07:00,Closed,ALT00491,31,Malware detected,Triggered,AUD00491,2025-01-03 11:50:00,Success,155.197.215.36
4428,hestervickie,Operations,Manager,Active,LOG00492,Cloud Platform,Network Scan,2025-02-27 00:44:00,INC00492,Unauthorized Access,Low,2025-02-27 00:44:00,Open,ALT00492,16,Malware detected,Investigating,AUD00492,2025-02-27 00:25:00,Success,134.3.204.76
9706,larrymcconnell,Admin,Super Admin,Inactive,LOG04254,VPN,Privilege Escalation,2026-05-09 00:21:00,INC04254,Ransomware,Medium,2026-05-09 00:21:00,In Progress,ALT04254,60,Unauthorized access detected,Investigating,AUD04254,2026-05-08 22:47:00,Success,213.71.252.59
6539,jbutler,Finance,User,Active,LOG01892,VPN,Network Scan,2025-04-07 16:01:00,INC01892,Malware,Medium,2025-04-07 16:01:00,In Progress,ALT01892,45,Unauthorized access detected,Resolved,AUD01892,2025-04-07 15:06:00,Failed,215.77.93.44
4253,taylorwalton,IT,User,Inactive,LOG03051,Database Server,Network Scan,2025-05-05 19:28:00,INC03051,DDoS Attack,High,2025-05-05 19:28:00,Closed,ALT03051,77,Multiple failed login attempts,Investigating,AUD03051,2025-05-05 17:51:00,Failed,44.161.232.249
4442,robertstevenson,Finance,Super Admin,Inactive,LOG03316,VPN,File Access,2025-09-17 16:11:00,INC03316,DDoS Attack,Medium,2025-09-17 16:11:00,In Progress,ALT03316,36,Malware detected,Resolved,AUD03316,2025-09-17 14:41:00,Success,62.161.66.149
4876,pwright,Finance,User,Active,LOG03448,Firewall,Privilege Escalation,2025-08-04 09:52:00,INC03448,SQL Injection,Low,2025-08-04 09:52:00,Resolved,ALT03448,12,Malware detected,Triggered,AUD03448,2025-08-04 09:30:00,Failed,197.76.128.132
3412,autumnhodge,Finance,Super Admin,Inactive,LOG04520,VPN,System Error,2026-04-19 13:51:00,INC04520,Ransomware,Medium,2026-04-19 13:51:00,Closed,ALT04520,39,Multiple failed login attempts,Triggered,AUD04520,2026-04-19 12:43:00,Failed,218.115.134.189
7692,huntergordon,Security,Manager,Inactive,LOG02446,Web Server,Login Attempt,2025-11-21 09:13:00,INC02446,Data Breach,Low,2025-11-21 09:13:00,Resolved,ALT02446,28,Suspicious IP activity,Investigating,AUD02446,2025-11-21 07:32:00,Failed,220.4.185.175
6517,brownrebecca,Security,Manager,Inactive,LOG00097,Email Server,File Access,2026-03-29 16:02:00,INC00097,Ransomware,Medium,2026-03-29 16:02:00,In Progress,ALT00097,54,Unauthorized access detected,Triggered,AUD00097,2026-03-29 15:09:00,Failed,14.130.6.48
7002,guerreromichelle,HR,User,Active,LOG03886,Email Server,Login Attempt,2025-11-16 13:13:00,INC03886,Malware,Medium,2025-11-16 13:13:00,Resolved,ALT03886,53,Malware detected,Triggered,AUD03886,2025-11-16 12:31:00,Failed,40.36.100.48
8559,vegakevin,Operations,User,Inactive,LOG01488,Cloud Platform,Privilege Escalation,2025-12-22 01:26:00,INC01488,SQL Injection,Medium,2025-12-22 01:26:00,Open,ALT01488,31,Unauthorized access detected,Triggered,AUD01488,2025-12-22 00:25:00,Success,61.198.153.191
4185,vhicks,Admin,Super Admin,Inactive,LOG00032,Cloud Platform,File Access,2025-11-09 02:29:00,INC00032,Ransomware,Low,2025-11-09 02:29:00,Open,ALT00032,25,Multiple failed login attempts,Investigating,AUD00032,2025-11-09 02:00:00,Failed,220.178.110.159
3451,keith98,Finance,User,Inactive,LOG01322,Email Server,System Error,2025-03-25 00:23:00,INC01322,Data Breach,Medium,2025-03-25 00:23:00,Resolved,ALT01322,36,Unauthorized access detected,Triggered,AUD01322,2025-03-24 22:26:00,Failed,56.197.112.181
2343,samanthasanders,HR,Manager,Active,LOG00280,Database Server,Login Attempt,2025-02-25 05:41:00,INC00280,Malware,Low,2025-02-25 05:41:00,Open,ALT00280,27,Multiple failed login attempts,Resolved,AUD00280,2025-02-25 04:26:00,Failed,143.250.165.7
2959,grant09,Security,Super Admin,Active,LOG04424,Email Server,Network Scan,2026-04-15 16:48:00,INC04424,Unauthorized Access,Medium,2026-04-15 16:48:00,Closed,ALT04424,41,Malware detected,Triggered,AUD04424,2026-04-15 15:43:00,Failed,217.213.153.79
7391,johnsonjared,IT,Admin,Inactive,LOG00402,Firewall,System Error,2026-05-11 12:42:00,INC00402,Unauthorized Access,Low,2026-05-11 12:42:00,In Progress,ALT00402,11,Multiple failed login attempts,Triggered,AUD00402,2026-05-11 12:38:00,Failed,215.121.54.251
7156,tannerdaniel,IT,Super Admin,Active,LOG04850,Email Server,Privilege Escalation,2025-07-07 06:22:00,INC04850,Phishing,Medium,2025-07-07 06:22:00,Resolved,ALT04850,54,Unauthorized access detected,Investigating,AUD04850,2025-07-07 05:36:00,Failed,210.118.93.212
1585,hrobinson,IT,Admin,Active,LOG03683,Firewall,Network Scan,2026-02-22 13:05:00,INC03683,SQL Injection,Medium,2026-02-22 13:05:00,In Progress,ALT03683,44,Malware detected,Investigating,AUD03683,2026-02-22 11:47:00,Success,19.21.7.51
7367,michaelsmith,Admin,Admin,Inactive,LOG04076,VPN,File Access,2025-10-13 07:14:00,INC04076,DDoS Attack,Low,2025-10-13 07:14:00,Closed,ALT04076,17,Malware detected,Triggered,AUD04076,2025-10-13 07:07:00,Failed,132.156.113.166
7798,qsalazar,Admin,Manager,Inactive,LOG04323,Email Server,Network Scan,2025-10-03 17:48:00,INC04323,DDoS Attack,Medium,2025-10-03 17:48:00,Closed,ALT04323,54,Suspicious IP activity,Investigating,AUD04323,2025-10-03 16:50:00,Failed,188.65.133.228
6658,dana01,Finance,Manager,Inactive,LOG02997,Web Server,Network Scan,2025-02-22 17:04:00,INC02997,Unauthorized Access,High,2025-02-22 17:04:00,Open,ALT02997,78,Suspicious IP activity,Triggered,AUD02997,2025-02-22 16:38:00,Failed,195.205.122.243
6420,cole71,HR,User,Inactive,LOG01232,Cloud Platform,Privilege Escalation,2026-05-12 09:25:00,INC01232,Phishing,Low,2026-05-12 09:25:00,Closed,ALT01232,30,Malware detected,Investigating,AUD01232,2026-05-12 08:05:00,Success,160.122.66.122
9235,tayloralexander,IT,Super Admin,Inactive,LOG04140,Firewall,Privilege Escalation,2025-06-26 04:03:00,INC04140,SQL Injection,Low,2025-06-26 04:03:00,Resolved,ALT04140,28,Unauthorized access detected,Investigating,AUD04140,2025-06-26 02:39:00,Failed,214.13.248.230
5200,andrew80,Operations,Super Admin,Active,LOG01499,Web Server,System Error,2026-05-09 11:56:00,INC01499,Unauthorized Access,Medium,2026-05-09 11:56:00,Closed,ALT01499,51,Multiple failed login attempts,Investigating,AUD01499,2026-05-09 10:31:00,Failed,114.230.47.24
2216,vickibell,Operations,User,Inactive,LOG04251,Database Server,System Error,2025-04-21 04:13:00,INC04251,SQL Injection,Medium,2025-04-21 04:13:00,In Progress,ALT04251,54,Suspicious IP activity,Resolved,AUD04251,2025-04-21 02:19:00,Success,221.121.178.130
4235,thomaslee,IT,Super Admin,Active,LOG02883,Email Server,Login Attempt,2025-10-20 16:59:00,INC02883,SQL Injection,Low,2025-10-20 16:59:00,Closed,ALT02883,27,Malware detected,Investigating,AUD02883,2025-10-20 15:46:00,Failed,114.30.129.142
3712,garrettrobert,Operations,Manager,Active,LOG02901,Firewall,System Error,2026-04-01 18:09:00,INC02901,Data Breach,Medium,2026-04-01 18:09:00,Open,ALT02901,53,Malware detected,Resolved,AUD02901,2026-04-01 16:36:00,Failed,198.207.110.91
2639,dlyons,HR,User,Inactive,LOG03810,Web Server,Network Scan,2025-10-25 09:30:00,INC03810,Ransomware,Medium,2025-10-25 09:30:00,Resolved,ALT03810,60,Suspicious IP activity,Investigating,AUD03810,2025-10-25 07:37:00,Failed,116.84.171.101
9818,david41,HR,Super Admin,Inactive,LOG02803,Email Server,Privilege Escalation,2025-11-13 09:02:00,INC02803,SQL Injection,Critical,2025-11-13 09:02:00,In Progress,ALT02803,89,Unauthorized access detected,Investigating,AUD02803,2025-11-13 07:05:00,Failed,147.6.149.219
3250,hbond,Finance,Admin,Inactive,LOG00240,VPN,System Error,2025-09-29 09:26:00,INC00240,Ransomware,High,2025-09-29 09:26:00,Resolved,ALT00240,73,Suspicious IP activity,Triggered,AUD00240,2025-09-29 08:23:00,Success,146.157.180.177
6730,bmarshall,IT,Manager,Active,LOG01298,Cloud Platform,System Error,2025-08-27 23:00:00,INC01298,Unauthorized Access,Medium,2025-08-27 23:00:00,Closed,ALT01298,49,Malware detected,Triggered,AUD01298,2025-08-27 22:49:00,Failed,154.61.141.46
2874,karenwilliamson,IT,User,Inactive,LOG01421,VPN,File Access,2025-05-27 21:55:00,INC01421,Unauthorized Access,Low,2025-05-27 21:55:00,Open,ALT01421,10,Malware detected,Investigating,AUD01421,2025-05-27 21:02:00,Failed,137.168.194.53
2929,craig70,HR,Admin,Inactive,LOG00512,Database Server,Privilege Escalation,2025-07-09 18:18:00,INC00512,Brute Force,Medium,2025-07-09 18:18:00,Open,ALT00512,34,Suspicious IP activity,Triggered,AUD00512,2025-07-09 16:37:00,Success,215.58.60.84
4441,jennifer33,Admin,Manager,Active,LOG00024,Database Server,Network Scan,2026-04-06 01:57:00,INC00024,SQL Injection,Low,2026-04-06 01:57:00,In Progress,ALT00024,21,Suspicious IP activity,Triggered,AUD00024,2026-04-06 00:14:00,Failed,99.57.87.146
9478,hmendoza,Security,Admin,Inactive,LOG04480,VPN,Network Scan,2025-06-07 06:17:00,INC04480,Malware,Low,2025-06-07 06:17:00,Open,ALT04480,18,Unauthorized access detected,Investigating,AUD04480,2025-06-07 06:03:00,Success,8.61.120.239
4133,tpaul,HR,Manager,Inactive,LOG02717,Database Server,Privilege Escalation,2025-12-22 03:12:00,INC02717,SQL Injection,High,2025-12-22 03:12:00,Open,ALT02717,74,Suspicious IP activity,Triggered,AUD02717,2025-12-22 01:27:00,Failed,212.22.227.184
1590,kesparza,Security,Super Admin,Inactive,LOG04645,Email Server,File Access,2025-05-08 14:46:00,INC04645,Data Breach,Medium,2025-05-08 14:46:00,Closed,ALT04645,41,Suspicious IP activity,Resolved,AUD04645,2025-05-08 13:06:00,Failed,190.118.37.201
2841,rojasjonathan,HR,Manager,Inactive,LOG03289,Cloud Platform,Network Scan,2025-08-30 16:13:00,INC03289,SQL Injection,Low,2025-08-30 16:13:00,Closed,ALT03289,16,Multiple failed login attempts,Resolved,AUD03289,2025-08-30 16:10:00,Failed,193.108.161.149
8445,fjohnson,HR,Admin,Active,LOG01047,Cloud Platform,File Access,2025-08-31 16:04:00,INC01047,DDoS Attack,Low,2025-08-31 16:04:00,Closed,ALT01047,10,Unauthorized access detected,Investigating,AUD01047,2025-08-31 15:43:00,Failed,180.193.19.89
7891,howardapril,IT,Admin,Active,LOG03957,VPN,Login Attempt,2025-02-09 19:18:00,INC03957,Malware,Low,2025-02-09 19:18:00,Open,ALT03957,23,Unauthorized access detected,Resolved,AUD03957,2025-02-09 17:59:00,Failed,135.161.57.193
3867,pjimenez,Operations,User,Active,LOG00299,VPN,Privilege Escalation,2025-08-21 12:36:00,INC00299,Data Breach,Medium,2025-08-21 12:36:00,Open,ALT00299,37,Malware detected,Resolved,AUD00299,2025-08-21 10:51:00,Failed,153.142.122.75
6699,nicholas21,IT,User,Active,LOG02837,Cloud Platform,System Error,2025-08-10 00:05:00,INC02837,DDoS Attack,Low,2025-08-10 00:05:00,In Progress,ALT02837,25,Malware detected,Investigating,AUD02837,2025-08-09 23:18:00,Failed,207.78.213.238
6863,annaperry,Admin,Manager,Active,LOG01103,Database Server,System Error,2026-04-25 04:59:00,INC01103,Malware,Medium,2026-04-25 04:59:00,Closed,ALT01103,33,Multiple failed login attempts,Investigating,AUD01103,2026-04-25 04:57:00,Failed,119.122.150.71
1974,joe67,Operations,User,Inactive,LOG03045,Firewall,Login Attempt,2025-08-02 22:22:00,INC03045,Data Breach,Critical,2025-08-02 22:22:00,Closed,ALT03045,89,Suspicious IP activity,Resolved,AUD03045,2025-08-02 21:25:00,Success,176.153.214.108
6819,zward,Security,User,Inactive,LOG04316,Cloud Platform,Privilege Escalation,2025-11-28 01:14:00,INC04316,SQL Injection,Medium,2025-11-28 01:14:00,Closed,ALT04316,38,Malware detected,Triggered,AUD04316,2025-11-28 00:49:00,Failed,51.135.132.129
3067,christianshepherd,HR,Manager,Active,LOG02800,Cloud Platform,System Error,2025-07-06 05:24:00,INC02800,Brute Force,Medium,2025-07-06 05:24:00,Open,ALT02800,59,Malware detected,Investigating,AUD02800,2025-07-06 03:47:00,Failed,205.119.154.205
5565,williamsmarc,Security,Admin,Inactive,LOG01696,Firewall,Login Attempt,2025-05-31 18:27:00,INC01696,DDoS Attack,Medium,2025-05-31 18:27:00,Closed,ALT01696,47,Suspicious IP activity,Investigating,AUD01696,2025-05-31 18:26:00,Success,13.188.239.95
9836,robertmedina,Admin,Manager,Inactive,LOG04685,Cloud Platform,File Access,2025-12-17 13:01:00,INC04685,Malware,Low,2025-12-17 13:01:00,Open,ALT04685,13,Malware detected,Triggered,AUD04685,2025-12-17 11:11:00,Success,102.252.151.21
6354,kcraig,Finance,Super Admin,Active,LOG03241,Database Server,Privilege Escalation,2025-05-26 21:20:00,INC03241,SQL Injection,Low,2025-05-26 21:20:00,Open,ALT03241,28,Malware detected,Investigating,AUD03241,2025-05-26 21:07:00,Failed,98.96.78.185
1877,sierramurphy,Operations,Manager,Active,LOG01790,Firewall,File Access,2025-11-28 18:56:00,INC01790,Phishing,Medium,2025-11-28 18:56:00,Closed,ALT01790,49,Multiple failed login attempts,Investigating,AUD01790,2025-11-28 17:52:00,Failed,207.241.64.180
7508,matthew27,Finance,Super Admin,Inactive,LOG04906,Web Server,Network Scan,2025-07-09 18:18:00,INC04906,Data Breach,Medium,2025-07-09 18:18:00,Resolved,ALT04906,53,Unauthorized access detected,Triggered,AUD04906,2025-07-09 16:23:00,Failed,219.63.188.0
6771,austinhill,Operations,Manager,Active,LOG02334,VPN,Network Scan,2026-04-16 01:17:00,INC02334,Data Breach,Medium,2026-04-16 01:17:00,In Progress,ALT02334,54,Multiple failed login attempts,Triggered,AUD02334,2026-04-15 23:44:00,Success,207.69.75.124
7068,omarscott,Admin,Super Admin,Inactive,LOG03411,Web Server,Login Attempt,2025-01-29 02:32:00,INC03411,Phishing,Low,2025-01-29 02:32:00,Closed,ALT03411,24,Multiple failed login attempts,Triggered,AUD03411,2025-01-29 01:24:00,Success,215.171.100.198
8259,sbarnes,HR,Super Admin,Inactive,LOG03287,Firewall,System Error,2025-10-07 08:04:00,INC03287,SQL Injection,Critical,2025-10-07 08:04:00,Resolved,ALT03287,88,Unauthorized access detected,Triggered,AUD03287,2025-10-07 07:43:00,Failed,200.134.83.18
9704,zdean,Operations,Super Admin,Active,LOG02911,Firewall,System Error,2026-04-26 06:05:00,INC02911,Data Breach,Low,2026-04-26 06:05:00,Open,ALT02911,10,Malware detected,Investigating,AUD02911,2026-04-26 04:18:00,Failed,192.208.118.71
9364,joehoover,Security,Manager,Active,LOG00297,Web Server,Login Attempt,2025-04-10 01:50:00,INC00297,Data Breach,High,2025-04-10 01:50:00,In Progress,ALT00297,70,Multiple failed login attempts,Triggered,AUD00297,2025-04-10 01:38:00,Failed,165.90.86.189
5104,robertdavis,Admin,Manager,Inactive,LOG01993,Web Server,Login Attempt,2025-07-04 15:00:00,INC01993,SQL Injection,Critical,2025-07-04 15:00:00,Closed,ALT01993,91,Suspicious IP activity,Investigating,AUD01993,2025-07-04 14:18:00,Success,215.146.29.109
3306,wlee,Operations,Manager,Inactive,LOG04490,Cloud Platform,System Error,2026-02-24 19:18:00,INC04490,DDoS Attack,High,2026-02-24 19:18:00,Resolved,ALT04490,70,Unauthorized access detected,Triggered,AUD04490,2026-02-24 18:56:00,Failed,153.68.36.6
6587,smithleslie,Admin,User,Active,LOG03976,Email Server,Login Attempt,2026-03-15 11:21:00,INC03976,Phishing,Medium,2026-03-15 11:21:00,Resolved,ALT03976,58,Suspicious IP activity,Resolved,AUD03976,2026-03-15 09:50:00,Failed,196.145.107.179
7310,travis59,HR,Admin,Inactive,LOG03544,Firewall,File Access,2025-11-06 01:29:00,INC03544,Phishing,High,2025-11-06 01:29:00,Open,ALT03544,80,Unauthorized access detected,Resolved,AUD03544,2025-11-06 01:28:00,Failed,82.220.73.176
6389,blackburnjason,HR,Manager,Inactive,LOG04482,Firewall,Login Attempt,2025-10-11 23:43:00,INC04482,Malware,Low,2025-10-11 23:43:00,In Progress,ALT04482,16,Unauthorized access detected,Resolved,AUD04482,2025-10-11 22:28:00,Failed,183.53.151.38
6830,breynolds,Admin,Manager,Active,LOG01353,Database Server,System Error,2025-02-22 18:56:00,INC01353,DDoS Attack,High,2025-02-22 18:56:00,Open,ALT01353,73,Malware detected,Resolved,AUD01353,2025-02-22 18:31:00,Failed,160.175.234.2
2905,michellemcdaniel,Finance,Super Admin,Inactive,LOG03760,Cloud Platform,Login Attempt,2026-01-15 22:53:00,INC03760,Data Breach,Low,2026-01-15 22:53:00,Open,ALT03760,30,Multiple failed login attempts,Investigating,AUD03760,2026-01-15 21:48:00,Failed,177.174.13.80
2548,mccormickheather,Admin,Super Admin,Active,LOG04075,Database Server,Privilege Escalation,2025-06-29 13:55:00,INC04075,Unauthorized Access,Medium,2025-06-29 13:55:00,Closed,ALT04075,60,Multiple failed login attempts,Resolved,AUD04075,2025-06-29 12:15:00,Failed,76.110.6.249
9368,ryanortiz,HR,User,Inactive,LOG00196,VPN,File Access,2025-11-18 02:31:00,INC00196,Data Breach,Low,2025-11-18 02:31:00,In Progress,ALT00196,28,Malware detected,Triggered,AUD00196,2025-11-18 00:36:00,Failed,48.205.95.191
7045,joshua82,Operations,Super Admin,Inactive,LOG04099,Firewall,Network Scan,2025-06-09 09:18:00,INC04099,SQL Injection,High,2025-06-09 09:18:00,In Progress,ALT04099,67,Multiple failed login attempts,Triggered,AUD04099,2025-06-09 08:56:00,Failed,178.151.32.153
4052,william59,Admin,Admin,Active,LOG00133,Firewall,Privilege Escalation,2026-03-05 12:50:00,INC00133,Malware,High,2026-03-05 12:50:00,Resolved,ALT00133,62,Malware detected,Investigating,AUD00133,2026-03-05 11:27:00,Failed,178.37.192.201
9806,beckmallory,Admin,Manager,Inactive,LOG04330,Web Server,Login Attempt,2025-04-15 18:36:00,INC04330,Brute Force,Medium,2025-04-15 18:36:00,Open,ALT04330,49,Unauthorized access detected,Resolved,AUD04330,2025-04-15 17:08:00,Failed,103.158.117.197
8552,elizabeth68,IT,Manager,Inactive,LOG04669,Firewall,System Error,2025-11-24 19:17:00,INC04669,Ransomware,Critical,2025-11-24 19:17:00,Closed,ALT04669,87,Suspicious IP activity,Resolved,AUD04669,2025-11-24 18:29:00,Failed,172.220.63.119
8595,michael88,Security,Manager,Inactive,LOG03740,VPN,Privilege Escalation,2025-11-03 17:59:00,INC03740,Unauthorized Access,Low,2025-11-03 17:59:00,In Progress,ALT03740,25,Unauthorized access detected,Triggered,AUD03740,2025-11-03 17:29:00,Failed,189.59.152.176
4607,misty54,HR,Admin,Inactive,LOG02023,Web Server,Privilege Escalation,2026-02-14 09:52:00,INC02023,Ransomware,Medium,2026-02-14 09:52:00,Open,ALT02023,33,Malware detected,Resolved,AUD02023,2026-02-14 08:10:00,Success,174.70.211.24
8689,kelly14,IT,Manager,Inactive,LOG03134,Email Server,Privilege Escalation,2025-02-23 01:52:00,INC03134,Malware,Medium,2025-02-23 01:52:00,Open,ALT03134,49,Malware detected,Resolved,AUD03134,2025-02-23 01:33:00,Failed,144.14.99.236
6724,jamesramirez,Security,Admin,Active,LOG04656,Web Server,Network Scan,2025-05-21 23:39:00,INC04656,Malware,Medium,2025-05-21 23:39:00,Open,ALT04656,39,Multiple failed login attempts,Triggered,AUD04656,2025-05-21 21:46:00,Failed,72.198.233.63
7481,victoria23,Admin,Super Admin,Inactive,LOG02272,Database Server,Privilege Escalation,2025-01-28 11:21:00,INC02272,DDoS Attack,Medium,2025-01-28 11:21:00,In Progress,ALT02272,31,Unauthorized access detected,Triggered,AUD02272,2025-01-28 10:59:00,Success,198.119.245.71
4302,caitlin22,Admin,Manager,Active,LOG01045,Cloud Platform,Privilege Escalation,2025-12-15 08:28:00,INC01045,Unauthorized Access,Medium,2025-12-15 08:28:00,In Progress,ALT01045,47,Unauthorized access detected,Investigating,AUD01045,2025-12-15 07:52:00,Failed,29.244.96.102
3440,christopherfoster,Security,Admin,Inactive,LOG03196,Database Server,Login Attempt,2025-02-06 05:38:00,INC03196,Unauthorized Access,Critical,2025-02-06 05:38:00,In Progress,ALT03196,91,Unauthorized access detected,Resolved,AUD03196,2025-02-06 04:31:00,Failed,64.212.79.17
7581,tammycastaneda,IT,Super Admin,Active,LOG00535,VPN,Network Scan,2025-01-27 09:54:00,INC00535,Phishing,Medium,2025-01-27 09:54:00,Closed,ALT00535,48,Unauthorized access detected,Investigating,AUD00535,2025-01-27 08:12:00,Failed,93.218.145.131
3166,xferguson,Operations,User,Active,LOG03185,Database Server,Privilege Escalation,2025-08-27 22:53:00,INC03185,Phishing,Low,2025-08-27 22:53:00,In Progress,ALT03185,15,Unauthorized access detected,Triggered,AUD03185,2025-08-27 21:17:00,Failed,213.181.105.128
2285,gardneranne,HR,Admin,Inactive,LOG01537,Email Server,Privilege Escalation,2026-03-19 17:37:00,INC01537,Phishing,Critical,2026-03-19 17:37:00,Open,ALT01537,86,Malware detected,Resolved,AUD01537,2026-03-19 17:36:00,Failed,170.45.19.44
8680,brownkevin,Admin,Admin,Active,LOG00352,Cloud Platform,System Error,2025-12-19 15:08:00,INC00352,Brute Force,Low,2025-12-19 15:08:00,In Progress,ALT00352,12,Suspicious IP activity,Triggered,AUD00352,2025-12-19 14:39:00,Failed,115.43.195.223
1452,anna86,Admin,Super Admin,Active,LOG02403,Cloud Platform,Login Attempt,2025-08-16 23:51:00,INC02403,Phishing,Medium,2025-08-16 23:51:00,Closed,ALT02403,58,Malware detected,Investigating,AUD02403,2025-08-16 23:38:00,Failed,216.2.102.60
8036,angelicaboyd,HR,Manager,Active,LOG01872,VPN,Privilege Escalation,2026-02-04 05:21:00,INC01872,Brute Force,High,2026-02-04 05:21:00,Resolved,ALT01872,80,Unauthorized access detected,Investigating,AUD01872,2026-02-04 04:25:00,Success,216.189.184.190
7131,lindarobles,Security,Super Admin,Active,LOG00810,Cloud Platform,Privilege Escalation,2025-11-12 16:34:00,INC00810,Ransomware,Low,2025-11-12 16:34:00,Resolved,ALT00810,19,Multiple failed login attempts,Resolved,AUD00810,2025-11-12 15:42:00,Success,176.94.214.197
5022,mtaylor,Finance,Super Admin,Active,LOG04410,Email Server,Privilege Escalation,2025-09-18 00:17:00,INC04410,Unauthorized Access,Low,2025-09-18 00:17:00,Closed,ALT04410,29,Malware detected,Resolved,AUD04410,2025-09-17 22:41:00,Failed,19.240.39.231
3608,leslieduke,IT,Admin,Active,LOG02408,Firewall,System Error,2025-10-23 18:53:00,INC02408,Malware,Low,2025-10-23 18:53:00,In Progress,ALT02408,17,Suspicious IP activity,Resolved,AUD02408,2025-10-23 17:23:00,Failed,195.253.16.217
7842,roy97,Security,User,Active,LOG03308,Cloud Platform,File Access,2025-06-27 14:07:00,INC03308,Data Breach,Medium,2025-06-27 14:07:00,Resolved,ALT03308,40,Suspicious IP activity,Triggered,AUD03308,2025-06-27 12:09:00,Failed,133.15.74.109
5008,michellewilliams,Admin,Admin,Inactive,LOG04804,Firewall,Privilege Escalation,2025-06-29 04:54:00,INC04804,Brute Force,Medium,2025-06-29 04:54:00,In Progress,ALT04804,45,Suspicious IP activity,Resolved,AUD04804,2025-06-29 03:50:00,Failed,192.70.84.36
6019,mark56,Security,User,Inactive,LOG01269,Email Server,System Error,2025-12-24 00:36:00,INC01269,Ransomware,Medium,2025-12-24 00:36:00,Resolved,ALT01269,48,Malware detected,Resolved,AUD01269,2025-12-23 23:47:00,Failed,153.209.149.149
3865,jzuniga,Finance,Admin,Active,LOG01193,Cloud Platform,System Error,2025-08-06 05:54:00,INC01193,Brute Force,Medium,2025-08-06 05:54:00,Closed,ALT01193,52,Malware detected,Investigating,AUD01193,2025-08-06 05:36:00,Success,134.128.76.250
2978,susan59,HR,Admin,Inactive,LOG04693,Email Server,Privilege Escalation,2025-09-14 17:54:00,INC04693,Unauthorized Access,Low,2025-09-14 17:54:00,Open,ALT04693,20,Unauthorized access detected,Triggered,AUD04693,2025-09-14 17:27:00,Success,138.237.52.159
5000,angel28,Operations,Super Admin,Active,LOG02043,Cloud Platform,Network Scan,2025-12-14 13:02:00,INC02043,Phishing,Medium,2025-12-14 13:02:00,In Progress,ALT02043,39,Suspicious IP activity,Triggered,AUD02043,2025-12-14 12:54:00,Success,105.243.104.162
6045,michaelyang,Security,Admin,Active,LOG01508,Cloud Platform,Network Scan,2025-02-16 14:47:00,INC01508,DDoS Attack,High,2025-02-16 14:47:00,In Progress,ALT01508,75,Multiple failed login attempts,Triggered,AUD01508,2025-02-16 13:15:00,Failed,20.216.218.2
3679,daniel69,Admin,Admin,Active,LOG02907,VPN,System Error,2025-04-10 02:04:00,INC02907,Ransomware,Medium,2025-04-10 02:04:00,Open,ALT02907,41,Unauthorized access detected,Investigating,AUD02907,2025-04-10 01:06:00,Failed,169.253.59.106
3820,yrobles,Security,Admin,Active,LOG04368,Database Server,System Error,2025-04-27 09:18:00,INC04368,Ransomware,Medium,2025-04-27 09:18:00,In Progress,ALT04368,35,Unauthorized access detected,Resolved,AUD04368,2025-04-27 07:39:00,Failed,219.45.105.44
6644,tinamcdowell,HR,Admin,Active,LOG03804,Firewall,Privilege Escalation,2026-04-01 23:11:00,INC03804,Ransomware,Medium,2026-04-01 23:11:00,In Progress,ALT03804,55,Unauthorized access detected,Triggered,AUD03804,2026-04-01 22:38:00,Failed,185.215.18.224
2022,pberry,HR,User,Active,LOG00382,Web Server,Network Scan,2025-07-26 04:54:00,INC00382,Data Breach,Medium,2025-07-26 04:54:00,Open,ALT00382,47,Malware detected,Triggered,AUD00382,2025-07-26 04:23:00,Failed,216.163.177.186
9818,jasoncampbell,Security,User,Active,LOG01184,Cloud Platform,System Error,2026-01-31 16:08:00,INC01184,Ransomware,High,2026-01-31 16:08:00,Open,ALT01184,63,Malware detected,Triggered,AUD01184,2026-01-31 15:11:00,Failed,49.237.143.209
3002,floreskatherine,Operations,Admin,Inactive,LOG00081,Web Server,Login Attempt,2026-02-20 04:35:00,INC00081,DDoS Attack,Low,2026-02-20 04:35:00,Resolved,ALT00081,21,Malware detected,Triggered,AUD00081,2026-02-20 03:21:00,Failed,187.3.190.1
8675,mmendez,Operations,Manager,Inactive,LOG03208,Firewall,Privilege Escalation,2025-11-09 21:49:00,INC03208,Unauthorized Access,High,2025-11-09 21:49:00,Resolved,ALT03208,67,Suspicious IP activity,Resolved,AUD03208,2025-11-09 20:51:00,Success,1.183.59.42
5262,donna83,Finance,User,Inactive,LOG00473,Email Server,Network Scan,2025-01-26 12:39:00,INC00473,Malware,Low,2025-01-26 12:39:00,Open,ALT00473,15,Unauthorized access detected,Investigating,AUD00473,2025-01-26 10:53:00,Failed,141.3.220.36
7242,lwilson,Security,Manager,Active,LOG03149,Cloud Platform,Login Attempt,2026-03-22 11:02:00,INC03149,Ransomware,Critical,2026-03-22 11:02:00,Resolved,ALT03149,93,Suspicious IP activity,Resolved,AUD03149,2026-03-22 09:34:00,Failed,45.210.182.140
6664,megan70,Admin,Super Admin,Active,LOG00253,VPN,Network Scan,2025-02-18 13:42:00,INC00253,Phishing,Medium,2025-02-18 13:42:00,Open,ALT00253,50,Suspicious IP activity,Resolved,AUD00253,2025-02-18 11:53:00,Failed,13.217.251.241
4715,tmontgomery,Operations,Admin,Active,LOG03827,Firewall,Privilege Escalation,2025-07-24 06:09:00,INC03827,Data Breach,Low,2025-07-24 06:09:00,Resolved,ALT03827,26,Malware detected,Investigating,AUD03827,2025-07-24 05:11:00,Success,191.66.75.61
9652,shelley55,Admin,Admin,Inactive,LOG01162,Cloud Platform,System Error,2025-08-11 05:22:00,INC01162,DDoS Attack,Low,2025-08-11 05:22:00,Closed,ALT01162,28,Multiple failed login attempts,Triggered,AUD01162,2025-08-11 05:06:00,Failed,199.214.112.62
6854,ellen13,IT,User,Active,LOG01236,Cloud Platform,Login Attempt,2026-04-07 10:50:00,INC01236,Malware,Low,2026-04-07 10:50:00,Resolved,ALT01236,24,Multiple failed login attempts,Investigating,AUD01236,2026-04-07 10:22:00,Failed,155.65.54.56
6412,gonzalezscott,Security,User,Inactive,LOG01091,Firewall,Network Scan,2025-07-16 20:36:00,INC01091,DDoS Attack,High,2025-07-16 20:36:00,In Progress,ALT01091,79,Suspicious IP activity,Triggered,AUD01091,2025-07-16 20:22:00,Success,86.181.6.244
7413,pbrooks,Operations,User,Active,LOG02836,Database Server,Privilege Escalation,2025-08-30 04:42:00,INC02836,Malware,Medium,2025-08-30 04:42:00,Closed,ALT02836,49,Multiple failed login attempts,Investigating,AUD02836,2025-08-30 04:37:00,Failed,174.217.255.193
4037,chavezbenjamin,IT,User,Active,LOG03103,Database Server,System Error,2025-06-27 23:34:00,INC03103,Phishing,High,2025-06-27 23:34:00,Open,ALT03103,73,Unauthorized access detected,Investigating,AUD03103,2025-06-27 21:43:00,Failed,223.223.71.172
7396,ythompson,Admin,Manager,Inactive,LOG03117,Firewall,System Error,2026-05-12 20:19:00,INC03117,Malware,Critical,2026-05-12 20:19:00,Closed,ALT03117,87,Unauthorized access detected,Investigating,AUD03117,2026-05-12 19:39:00,Failed,147.217.94.175
4782,warrenaaron,Operations,Admin,Active,LOG00747,Web Server,File Access,2025-05-05 10:15:00,INC00747,Brute Force,Medium,2025-05-05 10:15:00,Closed,ALT00747,60,Malware detected,Triggered,AUD00747,2025-05-05 09:29:00,Failed,40.110.134.9
6051,tmorgan,IT,Super Admin,Inactive,LOG02928,Web Server,System Error,2026-04-18 16:04:00,INC02928,Malware,Medium,2026-04-18 16:04:00,Open,ALT02928,57,Unauthorized access detected,Investigating,AUD02928,2026-04-18 14:36:00,Failed,211.82.206.180
9325,melissa12,Operations,User,Inactive,LOG04723,Cloud Platform,Login Attempt,2025-03-01 07:52:00,INC04723,Brute Force,Low,2025-03-01 07:52:00,Open,ALT04723,12,Malware detected,Triggered,AUD04723,2025-03-01 06:23:00,Failed,97.169.192.100
9632,brownronald,Admin,Super Admin,Inactive,LOG03195,Firewall,Login Attempt,2025-11-13 01:50:00,INC03195,Data Breach,High,2025-11-13 01:50:00,Open,ALT03195,64,Suspicious IP activity,Triggered,AUD03195,2025-11-12 23:50:00,Failed,219.243.171.0
2108,brownmichelle,Security,Manager,Active,LOG02553,Firewall,File Access,2026-04-30 18:24:00,INC02553,Phishing,Medium,2026-04-30 18:24:00,Resolved,ALT02553,41,Malware detected,Triggered,AUD02553,2026-04-30 16:24:00,Failed,217.207.143.237
9267,james25,HR,Manager,Inactive,LOG02139,Cloud Platform,Privilege Escalation,2026-04-01 16:15:00,INC02139,Brute Force,Medium,2026-04-01 16:15:00,Closed,ALT02139,59,Suspicious IP activity,Resolved,AUD02139,2026-04-01 15:22:00,Failed,102.125.69.148
3566,lindsay86,Admin,Manager,Inactive,LOG02655,Web Server,Privilege Escalation,2025-09-21 22:30:00,INC02655,SQL Injection,Medium,2025-09-21 22:30:00,Closed,ALT02655,42,Malware detected,Resolved,AUD02655,2025-09-21 21:05:00,Failed,193.54.23.236
2823,davidlarson,Finance,Super Admin,Active,LOG01894,VPN,File Access,2025-05-05 10:17:00,INC01894,SQL Injection,Medium,2025-05-05 10:17:00,Open,ALT01894,37,Suspicious IP activity,Triggered,AUD01894,2025-05-05 09:11:00,Success,183.147.203.230
8270,westdavid,HR,User,Active,LOG01861,VPN,Network Scan,2025-07-17 21:56:00,INC01861,Brute Force,Low,2025-07-17 21:56:00,Closed,ALT01861,26,Malware detected,Investigating,AUD01861,2025-07-17 21:27:00,Failed,220.175.197.185
9049,katherineray,HR,Admin,Inactive,LOG00626,Firewall,Login Attempt,2025-02-21 13:11:00,INC00626,Phishing,Low,2025-02-21 13:11:00,In Progress,ALT00626,29,Malware detected,Investigating,AUD00626,2025-02-21 11:36:00,Failed,9.42.16.201
2422,laurensanders,Admin,Manager,Active,LOG04512,Email Server,File Access,2026-02-25 15:05:00,INC04512,Data Breach,Medium,2026-02-25 15:05:00,Closed,ALT04512,34,Suspicious IP activity,Resolved,AUD04512,2026-02-25 13:41:00,Failed,162.44.224.243
8718,xmoreno,Admin,Super Admin,Inactive,LOG00469,Web Server,System Error,2026-03-20 02:52:00,INC00469,Malware,High,2026-03-20 02:52:00,In Progress,ALT00469,69,Malware detected,Resolved,AUD00469,2026-03-20 02:43:00,Failed,144.67.65.105
8718,xmoreno,Admin,Super Admin,Inactive,LOG00469,Web Server,System Error,2026-03-20 02:52:00,INC00469,Malware,High,2026-03-20 02:52:00,In Progress,ALT00469,69,Malware detected,Resolved,AUD00469,2026-03-20 02:43:00,Failed,144.67.65.105
5344,william57,Finance,User,Inactive,LOG04109,Cloud Platform,Login Attempt,2026-01-03 09:28:00,INC04109,Unauthorized Access,Low,2026-01-03 09:28:00,Closed,ALT04109,26,Malware detected,Resolved,AUD04109,2026-01-03 07:49:00,Success,152.130.22.132
2188,lindseybrian,Admin,Manager,Inactive,LOG02046,Web Server,Network Scan,2025-11-29 06:43:00,INC02046,Ransomware,High,2025-11-29 06:43:00,Open,ALT02046,78,Multiple failed login attempts,Investigating,AUD02046,2025-11-29 06:14:00,Success,197.17.12.212
3448,jeremy51,HR,Super Admin,Active,LOG04938,Web Server,System Error,2025-04-29 20:52:00,INC04938,Phishing,Medium,2025-04-29 20:52:00,Resolved,ALT04938,55,Suspicious IP activity,Investigating,AUD04938,2025-04-29 19:38:00,Failed,208.114.20.17
2265,megangutierrez,Operations,Admin,Active,LOG02665,Cloud Platform,Network Scan,2026-02-10 01:22:00,INC02665,Brute Force,Low,2026-02-10 01:22:00,Open,ALT02665,13,Malware detected,Resolved,AUD02665,2026-02-10 01:08:00,Failed,109.15.166.197
2303,brenda75,Finance,Admin,Active,LOG04296,Database Server,File Access,2026-03-25 03:58:00,INC04296,Malware,High,2026-03-25 03:58:00,In Progress,ALT04296,73,Multiple failed login attempts,Resolved,AUD04296,2026-03-25 02:16:00,Failed,7.169.131.182
2582,xandrews,HR,User,Inactive,LOG03275,Database Server,Login Attempt,2026-05-01 13:09:00,INC03275,SQL Injection,Low,2026-05-01 13:09:00,Closed,ALT03275,11,Suspicious IP activity,Resolved,AUD03275,2026-05-01 12:16:00,Success,206.234.235.115
6521,wwarren,HR,User,Active,LOG01964,Database Server,Privilege Escalation,2026-05-04 11:52:00,INC01964,Phishing,Medium,2026-05-04 11:52:00,Open,ALT01964,35,Suspicious IP activity,Resolved,AUD01964,2026-05-04 10:03:00,Failed,205.254.92.52
7267,bruce19,HR,Admin,Inactive,LOG01919,Database Server,Network Scan,2025-09-04 22:53:00,INC01919,Brute Force,Medium,2025-09-04 22:53:00,Resolved,ALT01919,38,Suspicious IP activity,Triggered,AUD01919,2025-09-04 22:38:00,Success,184.225.245.216
8073,christine06,IT,Admin,Active,LOG00958,Database Server,Privilege Escalation,2025-12-12 17:26:00,INC00958,Brute Force,Low,2025-12-12 17:26:00,Closed,ALT00958,25,Suspicious IP activity,Triggered,AUD00958,2025-12-12 16:42:00,Failed,19.48.49.172
9715,regina29,Security,Super Admin,Active,LOG01413,Cloud Platform,Login Attempt,2025-08-22 23:53:00,INC01413,Data Breach,Medium,2025-08-22 23:53:00,Resolved,ALT01413,60,Multiple failed login attempts,Resolved,AUD01413,2025-08-22 22:58:00,Failed,183.98.144.144
7457,pwilliams,Security,User,Active,LOG00354,Cloud Platform,System Error,2026-01-12 12:46:00,INC00354,Phishing,High,2026-01-12 12:46:00,In Progress,ALT00354,80,Unauthorized access detected,Resolved,AUD00354,2026-01-12 12:40:00,Failed,205.49.14.146
1752,brandonmurphy,Operations,User,Inactive,LOG00199,Database Server,Privilege Escalation,2025-04-02 07:51:00,INC00199,Data Breach,Medium,2025-04-02 07:51:00,Open,ALT00199,32,Unauthorized access detected,Triggered,AUD00199,2025-04-02 07:03:00,Failed,199.185.41.40
9372,creed,Finance,Super Admin,Inactive,LOG02373,VPN,System Error,2025-01-05 12:36:00,INC02373,Ransomware,Low,2025-01-05 12:36:00,Closed,ALT02373,23,Malware detected,Investigating,AUD02373,2025-01-05 10:53:00,Failed,160.189.144.241
4732,ugallagher,Operations,Super Admin,Inactive,LOG04919,VPN,File Access,2026-01-18 13:59:00,INC04919,Malware,Medium,2026-01-18 13:59:00,Closed,ALT04919,55,Multiple failed login attempts,Triggered,AUD04919,2026-01-18 12:14:00,Failed,45.247.213.97
3096,kaylaking,IT,Super Admin,Active,LOG04393,VPN,Network Scan,2025-04-17 23:47:00,INC04393,Data Breach,Low,2025-04-17 23:47:00,Open,ALT04393,10,Malware detected,Triggered,AUD04393,2025-04-17 23:09:00,Failed,176.17.17.98
4782,carrie39,Operations,Manager,Inactive,LOG04169,Cloud Platform,Privilege Escalation,2026-04-24 02:00:00,INC04169,SQL Injection,Medium,2026-04-24 02:00:00,In Progress,ALT04169,49,Suspicious IP activity,Investigating,AUD04169,2026-04-24 01:34:00,Failed,86.216.137.10
3636,ujones,Finance,Manager,Active,LOG04507,Firewall,Network Scan,2026-02-20 19:31:00,INC04507,Unauthorized Access,Critical,2026-02-20 19:31:00,Closed,ALT04507,92,Malware detected,Resolved,AUD04507,2026-02-20 18:20:00,Failed,162.68.103.138
6822,smills,Admin,Super Admin,Inactive,LOG02418,Firewall,System Error,2025-05-07 21:13:00,INC02418,Ransomware,Medium,2025-05-07 21:13:00,Resolved,ALT02418,59,Unauthorized access detected,Triggered,AUD02418,2025-05-07 19:44:00,Failed,1.16.218.133
1529,jessicasmith,HR,Super Admin,Active,LOG01545,Email Server,Login Attempt,2025-04-06 21:07:00,INC01545,Data Breach,High,2025-04-06 21:07:00,In Progress,ALT01545,68,Unauthorized access detected,Resolved,AUD01545,2025-04-06 21:06:00,Failed,204.158.134.71
8071,wolfemelissa,IT,User,Active,LOG02178,Firewall,File Access,2025-03-28 03:07:00,INC02178,Unauthorized Access,Low,2025-03-28 03:07:00,In Progress,ALT02178,12,Suspicious IP activity,Triggered,AUD02178,2025-03-28 02:43:00,Failed,33.64.6.217
8501,candice63,Admin,Manager,Inactive,LOG02869,Firewall,File Access,2026-04-06 10:34:00,INC02869,Malware,Low,2026-04-06 10:34:00,In Progress,ALT02869,23,Multiple failed login attempts,Resolved,AUD02869,2026-04-06 09:29:00,Failed,213.215.22.146
3443,bruceward,IT,User,Active,LOG00248,Database Server,File Access,2026-03-04 18:42:00,INC00248,Brute Force,Low,2026-03-04 18:42:00,Resolved,ALT00248,13,Malware detected,Investigating,AUD00248,2026-03-04 18:35:00,Failed,220.200.155.21
4630,nelsonjeffery,HR,Manager,Active,LOG00089,VPN,Login Attempt,2026-03-22 09:47:00,INC00089,Unauthorized Access,Medium,2026-03-22 09:47:00,Resolved,ALT00089,43,Malware detected,Resolved,AUD00089,2026-03-22 08:02:00,Failed,211.233.38.253
9189,smithjulie,Operations,Admin,Active,LOG00157,VPN,Login Attempt,2025-11-23 00:44:00,INC00157,Unauthorized Access,Medium,2025-11-23 00:44:00,In Progress,ALT00157,32,Unauthorized access detected,Investigating,AUD00157,2025-11-23 00:38:00,Success,220.97.71.201
2021,eedwards,IT,User,Active,LOG03412,Email Server,File Access,2026-02-20 14:02:00,INC03412,Ransomware,Critical,2026-02-20 14:02:00,Open,ALT03412,88,Suspicious IP activity,Resolved,AUD03412,2026-02-20 13:11:00,Failed,135.32.16.158
7994,williamsregina,Operations,Super Admin,Inactive,LOG03932,Web Server,System Error,2025-09-07 12:02:00,INC03932,Malware,High,2025-09-07 12:02:00,In Progress,ALT03932,70,Malware detected,Resolved,AUD03932,2025-09-07 10:04:00,Failed,147.130.179.94
5358,james77,IT,User,Active,LOG02313,Firewall,Privilege Escalation,2026-02-01 18:41:00,INC02313,Ransomware,High,2026-02-01 18:41:00,Closed,ALT02313,68,Unauthorized access detected,Investigating,AUD02313,2026-02-01 17:21:00,Failed,145.182.113.232
4163,william20,Security,Admin,Inactive,LOG01576,Database Server,File Access,2025-12-17 14:27:00,INC01576,Ransomware,Medium,2025-12-17 14:27:00,Resolved,ALT01576,36,Unauthorized access detected,Resolved,AUD01576,2025-12-17 13:27:00,Success,213.228.126.43
2620,ryanjohnson,Finance,Super Admin,Inactive,LOG04678,VPN,Privilege Escalation,2026-04-05 23:29:00,INC04678,Malware,High,2026-04-05 23:29:00,Closed,ALT04678,62,Unauthorized access detected,Investigating,AUD04678,2026-04-05 21:40:00,Failed,195.2.182.78
8741,chadtucker,HR,Admin,Active,LOG03631,Database Server,System Error,2025-07-05 01:50:00,INC03631,Ransomware,High,2025-07-05 01:50:00,Resolved,ALT03631,62,Malware detected,Resolved,AUD03631,2025-07-05 01:39:00,Failed,161.242.17.52
5826,veronicagordon,HR,Manager,Inactive,LOG03719,Email Server,Privilege Escalation,2025-07-24 10:01:00,INC03719,Phishing,High,2025-07-24 10:01:00,Open,ALT03719,77,Multiple failed login attempts,Investigating,AUD03719,2025-07-24 09:14:00,Failed,205.253.56.127
9260,stephen55,IT,User,Active,LOG02307,VPN,File Access,2025-10-09 15:16:00,INC02307,SQL Injection,Medium,2025-10-09 15:16:00,In Progress,ALT02307,55,Malware detected,Resolved,AUD02307,2025-10-09 14:28:00,Failed,66.79.32.28
6358,karaduncan,Admin,Manager,Active,LOG04526,Cloud Platform,Login Attempt,2025-03-13 04:58:00,INC04526,DDoS Attack,High,2025-03-13 04:58:00,Closed,ALT04526,69,Suspicious IP activity,Resolved,AUD04526,2025-03-13 03:31:00,Failed,60.142.38.157
7987,scottkenneth,Admin,Super Admin,Active,LOG00756,Cloud Platform,Privilege Escalation,2025-09-08 00:23:00,INC00756,Malware,High,2025-09-08 00:23:00,Open,ALT00756,61,Unauthorized access detected,Investigating,AUD00756,2025-09-07 23:19:00,Failed,204.236.223.99
2042,jnewman,Admin,Admin,Inactive,LOG02664,Cloud Platform,File Access,2025-04-25 18:55:00,INC02664,Phishing,Medium,2025-04-25 18:55:00,Open,ALT02664,39,Unauthorized access detected,Triggered,AUD02664,2025-04-25 18:05:00,Failed,1.80.194.160
6478,vhill,Operations,Admin,Inactive,LOG04697,Database Server,File Access,2025-02-12 15:28:00,INC04697,Ransomware,Critical,2025-02-12 15:28:00,In Progress,ALT04697,96,Malware detected,Investigating,AUD04697,2025-02-12 14:12:00,Failed,192.185.195.202
7616,jacksoncindy,Security,Manager,Active,LOG03797,VPN,File Access,2025-10-31 14:02:00,INC03797,SQL Injection,Medium,2025-10-31 14:02:00,Closed,ALT03797,56,Unauthorized access detected,Investigating,AUD03797,2025-10-31 13:54:00,Failed,123.75.241.146
5911,linda14,HR,Admin,Active,LOG02908,VPN,Network Scan,2025-02-19 09:55:00,INC02908,SQL Injection,Medium,2025-02-19 09:55:00,Resolved,ALT02908,54,Malware detected,Resolved,AUD02908,2025-02-19 08:41:00,Failed,103.237.119.46
1745,fhart,IT,Admin,Inactive,LOG00477,Database Server,System Error,2026-04-26 21:51:00,INC00477,Data Breach,Critical,2026-04-26 21:51:00,In Progress,ALT00477,100,Multiple failed login attempts,Resolved,AUD00477,2026-04-26 21:28:00,Failed,210.56.62.96
2248,katie47,Security,User,Inactive,LOG01536,Web Server,Login Attempt,2025-12-21 15:26:00,INC01536,Data Breach,Critical,2025-12-21 15:26:00,Open,ALT01536,81,Unauthorized access detected,Resolved,AUD01536,2025-12-21 14:55:00,Failed,91.110.85.86
5184,bryan05,IT,User,Active,LOG03981,Email Server,Privilege Escalation,2025-07-12 03:50:00,INC03981,Unauthorized Access,Critical,2025-07-12 03:50:00,Closed,ALT03981,98,Malware detected,Resolved,AUD03981,2025-07-12 03:39:00,Success,156.144.92.130
1947,goodmankatherine,Admin,Admin,Inactive,LOG00504,Cloud Platform,Network Scan,2025-08-11 01:25:00,INC00504,DDoS Attack,Critical,2025-08-11 01:25:00,Resolved,ALT00504,86,Malware detected,Triggered,AUD00504,2025-08-10 23:39:00,Success,201.44.223.42
1171,brandon01,HR,Admin,Inactive,LOG04812,Web Server,Login Attempt,2026-02-23 02:43:00,INC04812,Data Breach,High,2026-02-23 02:43:00,In Progress,ALT04812,75,Unauthorized access detected,Triggered,AUD04812,2026-02-23 02:10:00,Failed,26.28.180.84
4052,william59,Admin,Admin,Active,LOG00133,Firewall,Privilege Escalation,2026-03-05 12:50:00,INC00133,Malware,High,2026-03-05 12:50:00,Resolved,ALT00133,62,Malware detected,Investigating,AUD00133,2026-03-05 11:27:00,Failed,178.37.192.201
6844,jasonwilliams,Admin,Super Admin,Inactive,LOG01621,Database Server,Network Scan,2025-07-14 06:04:00,INC01621,Ransomware,Low,2025-07-14 06:04:00,In Progress,ALT01621,14,Unauthorized access detected,Resolved,AUD01621,2025-07-14 05:07:00,Failed,128.191.127.231
2015,fuentesscott,Operations,Manager,Active,LOG02810,Firewall,System Error,2025-08-07 19:30:00,INC02810,Phishing,Medium,2025-08-07 19:30:00,Open,ALT02810,42,Multiple failed login attempts,Triggered,AUD02810,2025-08-07 19:02:00,Failed,7.231.204.200
1378,jacksonpamela,Operations,Manager,Active,LOG03324,Database Server,System Error,2026-05-10 03:39:00,INC03324,Malware,Medium,2026-05-10 03:39:00,Resolved,ALT03324,57,Multiple failed login attempts,Investigating,AUD03324,2026-05-10 03:23:00,Failed,223.163.251.205
7334,tiffanysanders,Finance,Super Admin,Inactive,LOG04751,Firewall,Login Attempt,2026-04-15 01:11:00,INC04751,SQL Injection,Low,2026-04-15 01:11:00,In Progress,ALT04751,13,Unauthorized access detected,Investigating,AUD04751,2026-04-14 23:47:00,Success,164.46.12.27
6658,lwebb,Admin,Admin,Inactive,LOG01613,Web Server,Login Attempt,2025-12-30 08:24:00,INC01613,Brute Force,Medium,2025-12-30 08:24:00,Resolved,ALT01613,46,Multiple failed login attempts,Investigating,AUD01613,2025-12-30 08:15:00,Success,166.96.113.9
3013,lisacervantes,IT,Manager,Inactive,LOG01355,Database Server,Privilege Escalation,2025-11-20 06:27:00,INC01355,DDoS Attack,Low,2025-11-20 06:27:00,In Progress,ALT01355,13,Multiple failed login attempts,Investigating,AUD01355,2025-11-20 05:25:00,Failed,6.214.250.44
6972,danieljensen,HR,User,Active,LOG02096,VPN,Privilege Escalation,2025-08-15 03:19:00,INC02096,Ransomware,High,2025-08-15 03:19:00,Resolved,ALT02096,63,Suspicious IP activity,Resolved,AUD02096,2025-08-15 01:29:00,Failed,167.130.153.97
1893,imay,IT,User,Inactive,LOG03860,Database Server,File Access,2025-11-21 18:54:00,INC03860,Brute Force,High,2025-11-21 18:54:00,Closed,ALT03860,72,Suspicious IP activity,Triggered,AUD03860,2025-11-21 17:03:00,Failed,189.190.56.147
5145,bobbytucker,HR,Admin,Active,LOG04270,Web Server,File Access,2025-12-02 20:17:00,INC04270,Data Breach,Medium,2025-12-02 20:17:00,Closed,ALT04270,47,Unauthorized access detected,Triggered,AUD04270,2025-12-02 20:05:00,Failed,70.141.129.132
8961,sgreen,Operations,Admin,Inactive,LOG00586,Database Server,Privilege Escalation,2025-07-12 19:33:00,INC00586,Data Breach,Medium,2025-07-12 19:33:00,Resolved,ALT00586,31,Suspicious IP activity,Investigating,AUD00586,2025-07-12 18:07:00,Failed,98.173.1.123
1010,jessecharles,IT,Admin,Active,LOG00706,Database Server,Privilege Escalation,2025-01-03 13:22:00,INC00706,Ransomware,Low,2025-01-03 13:22:00,Open,ALT00706,19,Malware detected,Triggered,AUD00706,2025-01-03 11:48:00,Failed,199.184.158.97
3521,jonesashley,Admin,User,Active,LOG00325,Cloud Platform,File Access,2026-05-12 20:03:00,INC00325,Data Breach,Medium,2026-05-12 20:03:00,Resolved,ALT00325,60,Unauthorized access detected,Resolved,AUD00325,2026-05-12 19:38:00,Failed,24.69.79.126
8473,juan14,Operations,Super Admin,Inactive,LOG04536,Cloud Platform,Network Scan,2026-04-17 20:35:00,INC04536,Ransomware,Low,2026-04-17 20:35:00,Closed,ALT04536,22,Malware detected,Resolved,AUD04536,2026-04-17 19:08:00,Failed,188.50.85.51
2244,keithlopez,IT,User,Inactive,LOG02579,VPN,System Error,2025-11-12 12:09:00,INC02579,Malware,Medium,2025-11-12 12:09:00,Open,ALT02579,45,Unauthorized access detected,Resolved,AUD02579,2025-11-12 10:29:00,Failed,189.12.250.55
4403,davidparker,HR,Admin,Active,LOG01633,Email Server,Network Scan,2026-01-23 01:54:00,INC01633,Malware,Low,2026-01-23 01:54:00,In Progress,ALT01633,29,Suspicious IP activity,Resolved,AUD01633,2026-01-23 01:31:00,Success,193.5.83.26
3436,jonessylvia,Finance,User,Active,LOG00623,Cloud Platform,Login Attempt,2025-11-09 05:12:00,INC00623,DDoS Attack,High,2025-11-09 05:12:00,In Progress,ALT00623,77,Suspicious IP activity,Investigating,AUD00623,2025-11-09 05:09:00,Failed,46.12.60.32
5374,sarah59,HR,Super Admin,Active,LOG04619,VPN,System Error,2025-09-06 00:43:00,INC04619,DDoS Attack,Medium,2025-09-06 00:43:00,Open,ALT04619,44,Suspicious IP activity,Resolved,AUD04619,2025-09-06 00:36:00,Failed,148.7.133.169
9477,richardsonjoseph,HR,User,Inactive,LOG04996,Email Server,Privilege Escalation,2026-05-03 03:35:00,INC04996,Data Breach,Medium,2026-05-03 03:35:00,Resolved,ALT04996,48,Unauthorized access detected,Resolved,AUD04996,2026-05-03 02:06:00,Failed,222.206.175.68
4288,john80,IT,User,Active,LOG00713,Email Server,Network Scan,2025-11-18 09:46:00,INC00713,Malware,High,2025-11-18 09:46:00,Open,ALT00713,70,Suspicious IP activity,Triggered,AUD00713,2025-11-18 09:32:00,Failed,208.23.33.75
6802,origgs,Finance,User,Inactive,LOG02506,Email Server,File Access,2025-01-12 08:03:00,INC02506,DDoS Attack,High,2025-01-12 08:03:00,Closed,ALT02506,66,Multiple failed login attempts,Triggered,AUD02506,2025-01-12 06:55:00,Failed,6.100.130.19
8566,esparks,HR,User,Inactive,LOG02255,Cloud Platform,File Access,2026-03-03 09:36:00,INC02255,Unauthorized Access,Critical,2026-03-03 09:36:00,Resolved,ALT02255,98,Unauthorized access detected,Resolved,AUD02255,2026-03-03 07:47:00,Failed,152.61.148.150
7027,timothyfox,HR,Manager,Inactive,LOG01510,Email Server,Network Scan,2025-06-24 17:28:00,INC01510,DDoS Attack,Low,2025-06-24 17:28:00,In Progress,ALT01510,29,Multiple failed login attempts,Resolved,AUD01510,2025-06-24 17:09:00,Success,152.59.43.73
1127,warrenjuan,Security,User,Inactive,LOG02174,VPN,File Access,2026-02-12 21:31:00,INC02174,Unauthorized Access,Low,2026-02-12 21:31:00,In Progress,ALT02174,23,Malware detected,Triggered,AUD02174,2026-02-12 20:28:00,Failed,50.196.52.18
1049,donaldhicks,Admin,Admin,Active,LOG03708,Firewall,System Error,2026-04-09 11:16:00,INC03708,Unauthorized Access,Low,2026-04-09 11:16:00,In Progress,ALT03708,27,Multiple failed login attempts,Triggered,AUD03708,2026-04-09 10:48:00,Failed,134.242.168.41
2835,zwells,Security,Manager,Active,LOG01080,Email Server,System Error,2025-10-28 03:21:00,INC01080,Data Breach,High,2025-10-28 03:21:00,Closed,ALT01080,61,Unauthorized access detected,Investigating,AUD01080,2025-10-28 01:47:00,Failed,187.136.122.27
3701,gbarrett,Security,User,Inactive,LOG02916,Web Server,Network Scan,2025-04-23 00:20:00,INC02916,Malware,Low,2025-04-23 00:20:00,Closed,ALT02916,24,Suspicious IP activity,Resolved,AUD02916,2025-04-22 23:54:00,Failed,202.205.157.138
4821,uchang,HR,Admin,Inactive,LOG02102,Firewall,File Access,2025-02-28 06:51:00,INC02102,Unauthorized Access,Medium,2025-02-28 06:51:00,Closed,ALT02102,56,Suspicious IP activity,Investigating,AUD02102,2025-02-28 05:56:00,Failed,188.149.25.42
4675,christopher52,Admin,Super Admin,Active,LOG00264,VPN,Privilege Escalation,2026-03-21 21:47:00,INC00264,Phishing,Medium,2026-03-21 21:47:00,Closed,ALT00264,50,Unauthorized access detected,Investigating,AUD00264,2026-03-21 20:06:00,Failed,36.150.7.156
9173,terri31,Operations,Super Admin,Active,LOG00209,Firewall,Privilege Escalation,2025-11-11 19:39:00,INC00209,SQL Injection,High,2025-11-11 19:39:00,In Progress,ALT00209,62,Unauthorized access detected,Triggered,AUD00209,2025-11-11 18:16:00,Failed,111.68.112.237
7193,rileyrandy,Finance,Admin,Active,LOG03351,Database Server,Network Scan,2026-03-08 04:57:00,INC03351,Brute Force,Medium,2026-03-08 04:57:00,Resolved,ALT03351,59,Unauthorized access detected,Resolved,AUD03351,2026-03-08 04:45:00,Failed,219.12.230.110
5117,bonillacharles,Operations,Super Admin,Active,LOG01439,VPN,File Access,2026-03-27 18:40:00,INC01439,Brute Force,Low,2026-03-27 18:40:00,Resolved,ALT01439,29,Suspicious IP activity,Triggered,AUD01439,2026-03-27 17:42:00,Failed,159.60.151.135
2303,michaelvance,Operations,User,Inactive,LOG03949,Database Server,Network Scan,2025-01-05 21:13:00,INC03949,Phishing,Medium,2025-01-05 21:13:00,Closed,ALT03949,47,Malware detected,Investigating,AUD03949,2025-01-05 19:32:00,Failed,171.211.152.183
5146,kimgregory,IT,Admin,Inactive,LOG02118,Email Server,Network Scan,2025-01-03 16:06:00,INC02118,Malware,Medium,2025-01-03 16:06:00,Resolved,ALT02118,40,Suspicious IP activity,Resolved,AUD02118,2025-01-03 15:17:00,Failed,98.51.21.29
8003,gonzalezrandy,Admin,Admin,Active,LOG00643,Firewall,Privilege Escalation,2026-02-22 02:07:00,INC00643,Ransomware,High,2026-02-22 02:07:00,In Progress,ALT00643,76,Unauthorized access detected,Investigating,AUD00643,2026-02-22 01:26:00,Failed,172.38.156.1
6619,cwilliams,Security,Admin,Inactive,LOG01023,Firewall,Login Attempt,2026-01-30 00:40:00,INC01023,Brute Force,Low,2026-01-30 00:40:00,In Progress,ALT01023,11,Suspicious IP activity,Triggered,AUD01023,2026-01-29 23:57:00,Failed,12.86.76.172
9574,potterjoseph,HR,User,Active,LOG03382,Firewall,Network Scan,2026-02-14 11:56:00,INC03382,DDoS Attack,Medium,2026-02-14 11:56:00,In Progress,ALT03382,39,Multiple failed login attempts,Investigating,AUD03382,2026-02-14 10:11:00,Success,134.240.220.183
4309,collinsmichele,Security,Super Admin,Inactive,LOG03430,Firewall,Privilege Escalation,2025-06-22 01:36:00,INC03430,Brute Force,High,2025-06-22 01:36:00,In Progress,ALT03430,73,Multiple failed login attempts,Investigating,AUD03430,2025-06-22 01:27:00,Failed,195.49.163.188
3115,juliealvarez,Finance,Manager,Active,LOG00497,VPN,System Error,2025-11-15 06:18:00,INC00497,Malware,Critical,2025-11-15 06:18:00,Closed,ALT00497,86,Unauthorized access detected,Investigating,AUD00497,2025-11-15 05:47:00,Failed,209.100.145.29
4761,brewerkelly,Security,Super Admin,Inactive,LOG04578,VPN,System Error,2026-01-03 10:53:00,INC04578,Unauthorized Access,Critical,2026-01-03 10:53:00,Resolved,ALT04578,89,Malware detected,Triggered,AUD04578,2026-01-03 10:11:00,Failed,200.169.103.151
7196,joneshailey,IT,Super Admin,Active,LOG03039,VPN,Privilege Escalation,2025-05-12 10:28:00,INC03039,Phishing,Low,2025-05-12 10:28:00,Closed,ALT03039,18,Malware detected,Triggered,AUD03039,2025-05-12 10:26:00,Failed,134.51.21.253
3696,elizabeth43,Security,Admin,Active,LOG02851,Cloud Platform,File Access,2025-01-13 12:10:00,INC02851,Data Breach,Low,2025-01-13 12:10:00,Resolved,ALT02851,19,Suspicious IP activity,Triggered,AUD02851,2025-01-13 12:08:00,Failed,167.79.145.86
3550,westjoseph,Finance,Manager,Active,LOG02860,Web Server,Network Scan,2025-03-07 06:00:00,INC02860,Unauthorized Access,Critical,2025-03-07 06:00:00,Open,ALT02860,82,Unauthorized access detected,Triggered,AUD02860,2025-03-07 04:21:00,Failed,202.248.104.226
4185,vhicks,Admin,Super Admin,Inactive,LOG00032,Cloud Platform,File Access,2025-11-09 02:29:00,INC00032,Ransomware,Low,2025-11-09 02:29:00,Open,ALT00032,25,Multiple failed login attempts,Investigating,AUD00032,2025-11-09 02:00:00,Failed,220.178.110.159
5778,darren53,HR,Manager,Active,LOG03008,VPN,System Error,2026-04-21 16:58:00,INC03008,Phishing,Medium,2026-04-21 16:58:00,Resolved,ALT03008,52,Suspicious IP activity,Investigating,AUD03008,2026-04-21 16:23:00,Failed,176.208.81.43
6840,allenmoss,Operations,Super Admin,Active,LOG00829,Web Server,Network Scan,2025-05-23 19:49:00,INC00829,Unauthorized Access,Low,2025-05-23 19:49:00,In Progress,ALT00829,14,Malware detected,Resolved,AUD00829,2025-05-23 19:44:00,Success,164.110.172.59
7592,dblackwell,HR,User,Inactive,LOG03091,Database Server,Network Scan,2025-11-01 23:10:00,INC03091,DDoS Attack,High,2025-11-01 23:10:00,Open,ALT03091,78,Suspicious IP activity,Resolved,AUD03091,2025-11-01 21:57:00,Success,153.58.157.157
7231,jlowe,Security,Manager,Active,LOG02447,Email Server,Privilege Escalation,2025-10-20 15:50:00,INC02447,Brute Force,Medium,2025-10-20 15:50:00,In Progress,ALT02447,36,Unauthorized access detected,Triggered,AUD02447,2025-10-20 14:29:00,Failed,211.17.9.148
5511,ryoung,Operations,Super Admin,Inactive,LOG00234,Cloud Platform,Privilege Escalation,2025-11-08 09:45:00,INC00234,Unauthorized Access,Low,2025-11-08 09:45:00,Closed,ALT00234,18,Malware detected,Resolved,AUD00234,2025-11-08 08:38:00,Failed,215.223.62.208
3930,albert76,Operations,Admin,Active,LOG01150,Email Server,Privilege Escalation,2025-04-17 17:00:00,INC01150,Ransomware,Medium,2025-04-17 17:00:00,Open,ALT01150,41,Multiple failed login attempts,Investigating,AUD01150,2025-04-17 16:57:00,Failed,209.65.23.170
3140,debra14,IT,Super Admin,Inactive,LOG01408,Firewall,Login Attempt,2025-05-30 19:54:00,INC01408,SQL Injection,Medium,2025-05-30 19:54:00,In Progress,ALT01408,46,Unauthorized access detected,Resolved,AUD01408,2025-05-30 18:20:00,Failed,200.84.36.148
9548,vmiller,Admin,Admin,Active,LOG00678,Email Server,Network Scan,2025-11-11 19:34:00,INC00678,Phishing,Critical,2025-11-11 19:34:00,Open,ALT00678,96,Suspicious IP activity,Triggered,AUD00678,2025-11-11 17:43:00,Success,129.128.109.121
5420,ghunter,HR,Admin,Active,LOG02944,Email Server,Privilege Escalation,2026-01-24 20:31:00,INC02944,SQL Injection,High,2026-01-24 20:31:00,In Progress,ALT02944,67,Suspicious IP activity,Triggered,AUD02944,2026-01-24 20:29:00,Failed,212.242.67.15
9183,downselizabeth,Operations,Admin,Active,LOG01331,Firewall,Network Scan,2025-08-11 17:26:00,INC01331,Malware,Medium,2025-08-11 17:26:00,Resolved,ALT01331,58,Malware detected,Resolved,AUD01331,2025-08-11 16:17:00,Failed,210.17.165.228
1820,edgarjordan,Security,Admin,Inactive,LOG00806,Cloud Platform,Privilege Escalation,2025-03-04 15:29:00,INC00806,DDoS Attack,Medium,2025-03-04 15:29:00,Open,ALT00806,32,Malware detected,Triggered,AUD00806,2025-03-04 14:51:00,Failed,162.80.173.228
8231,williamhorne,Security,Admin,Active,LOG02239,Firewall,File Access,2025-10-03 21:41:00,INC02239,DDoS Attack,Medium,2025-10-03 21:41:00,Resolved,ALT02239,55,Unauthorized access detected,Triggered,AUD02239,2025-10-03 20:45:00,Failed,202.86.121.210
6793,cpage,Admin,Manager,Inactive,LOG00839,Database Server,Login Attempt,2025-01-03 12:03:00,INC00839,Unauthorized Access,Medium,2025-01-03 12:03:00,In Progress,ALT00839,44,Malware detected,Investigating,AUD00839,2025-01-03 10:16:00,Failed,212.103.72.11
6111,michael70,Admin,Manager,Active,LOG03905,Cloud Platform,Network Scan,2026-04-20 10:33:00,INC03905,Brute Force,High,2026-04-20 10:33:00,Closed,ALT03905,77,Multiple failed login attempts,Resolved,AUD03905,2026-04-20 10:30:00,Failed,47.243.112.74
6222,brettestes,Finance,Admin,Inactive,LOG04150,Web Server,Network Scan,2026-04-10 05:20:00,INC04150,Data Breach,High,2026-04-10 05:20:00,Open,ALT04150,72,Malware detected,Investigating,AUD04150,2026-04-10 05:06:00,Failed,166.236.68.94
7911,aaronporter,HR,User,Inactive,LOG03163,Web Server,System Error,2025-01-19 12:06:00,INC03163,Ransomware,Low,2025-01-19 12:06:00,Resolved,ALT03163,13,Malware detected,Triggered,AUD03163,2025-01-19 11:50:00,Failed,112.29.229.94
1732,casemonica,Finance,User,Inactive,LOG00897,Email Server,File Access,2025-09-26 05:32:00,INC00897,Data Breach,Medium,2025-09-26 05:32:00,Open,ALT00897,47,Suspicious IP activity,Investigating,AUD00897,2025-09-26 05:05:00,Failed,218.156.59.44
2035,rsnyder,Finance,User,Inactive,LOG04304,Firewall,File Access,2025-04-16 01:38:00,INC04304,Phishing,Low,2025-04-16 01:38:00,In Progress,ALT04304,17,Unauthorized access detected,Resolved,AUD04304,2025-04-15 23:40:00,Failed,189.219.107.48
8309,tim47,Finance,Super Admin,Inactive,LOG01196,Email Server,System Error,2025-08-16 00:59:00,INC01196,Malware,High,2025-08-16 00:59:00,In Progress,ALT01196,72,Multiple failed login attempts,Triggered,AUD01196,2025-08-16 00:52:00,Failed,6.92.73.72
8819,joycekevin,Operations,Admin,Active,LOG02935,Web Server,Privilege Escalation,2025-06-10 20:54:00,INC02935,Malware,Low,2025-06-10 20:54:00,In Progress,ALT02935,13,Malware detected,Investigating,AUD02935,2025-06-10 19:10:00,Failed,185.144.78.187
7298,renee37,Finance,User,Active,LOG01744,Cloud Platform,File Access,2025-07-28 19:13:00,INC01744,Phishing,Low,2025-07-28 19:13:00,In Progress,ALT01744,16,Malware detected,Triggered,AUD01744,2025-07-28 17:17:00,Success,195.168.0.119
8895,spencer06,Admin,Admin,Active,LOG04764,Database Server,Network Scan,2025-11-15 15:31:00,INC04764,Data Breach,High,2025-11-15 15:31:00,Open,ALT04764,72,Unauthorized access detected,Resolved,AUD04764,2025-11-15 14:14:00,Failed,160.168.250.10
6164,tammymckenzie,HR,Super Admin,Active,LOG03492,Firewall,Privilege Escalation,2026-01-10 00:36:00,INC03492,Ransomware,Low,2026-01-10 00:36:00,Closed,ALT03492,21,Unauthorized access detected,Triggered,AUD03492,2026-01-10 00:17:00,Failed,223.129.106.159
1244,timothysawyer,Finance,Admin,Active,LOG04896,Web Server,Network Scan,2026-04-22 03:33:00,INC04896,DDoS Attack,High,2026-04-22 03:33:00,In Progress,ALT04896,65,Suspicious IP activity,Resolved,AUD04896,2026-04-22 01:43:00,Failed,211.246.246.79
3096,kaylaking,IT,Super Admin,Active,LOG04393,VPN,Network Scan,2025-04-17 23:47:00,INC04393,Data Breach,Low,2025-04-17 23:47:00,Open,ALT04393,10,Malware detected,Triggered,AUD04393,2025-04-17 23:09:00,Failed,176.17.17.98
3295,michael63,Admin,User,Inactive,LOG04358,Database Server,Privilege Escalation,2026-03-20 22:44:00,INC04358,Data Breach,High,2026-03-20 22:44:00,Resolved,ALT04358,70,Multiple failed login attempts,Triggered,AUD04358,2026-03-20 21:07:00,Failed,135.167.172.229
6409,smithdaniel,HR,Admin,Inactive,LOG03104,VPN,Login Attempt,2025-08-17 10:43:00,INC03104,DDoS Attack,Low,2025-08-17 10:43:00,Closed,ALT03104,20,Multiple failed login attempts,Triggered,AUD03104,2025-08-17 10:29:00,Success,18.174.115.241
4150,gina04,IT,Super Admin,Active,LOG03919,Web Server,Privilege Escalation,2026-01-11 00:54:00,INC03919,DDoS Attack,Medium,2026-01-11 00:54:00,In Progress,ALT03919,33,Unauthorized access detected,Triggered,AUD03919,2026-01-11 00:51:00,Failed,71.86.3.52
4776,tracy20,Admin,Admin,Inactive,LOG04413,Firewall,File Access,2025-02-03 18:10:00,INC04413,SQL Injection,Medium,2025-02-03 18:10:00,Open,ALT04413,49,Suspicious IP activity,Investigating,AUD04413,2025-02-03 16:45:00,Failed,90.40.160.26
2134,stephencontreras,Finance,User,Inactive,LOG01130,Database Server,System Error,2026-02-14 10:55:00,INC01130,Phishing,High,2026-02-14 10:55:00,In Progress,ALT01130,64,Unauthorized access detected,Resolved,AUD01130,2026-02-14 09:20:00,Failed,208.66.45.68
6784,montgomerycaleb,HR,User,Active,LOG03906,Cloud Platform,Privilege Escalation,2025-06-12 12:05:00,INC03906,Malware,Medium,2025-06-12 12:05:00,Closed,ALT03906,31,Unauthorized access detected,Triggered,AUD03906,2025-06-12 11:53:00,Failed,212.255.91.32
6615,ryanjoshua,IT,Super Admin,Inactive,LOG02465,Database Server,Login Attempt,2026-02-04 02:03:00,INC02465,DDoS Attack,Medium,2026-02-04 02:03:00,Resolved,ALT02465,39,Suspicious IP activity,Resolved,AUD02465,2026-02-04 01:25:00,Failed,147.174.231.143
6966,williamvargas,Admin,Admin,Inactive,LOG03338,Database Server,Network Scan,2025-11-21 22:57:00,INC03338,DDoS Attack,Low,2025-11-21 22:57:00,Closed,ALT03338,13,Suspicious IP activity,Triggered,AUD03338,2025-11-21 21:59:00,Failed,12.36.18.21
9858,mikekelley,Admin,User,Inactive,LOG04897,VPN,Login Attempt,2025-01-05 04:46:00,INC04897,Unauthorized Access,Medium,2025-01-05 04:46:00,Resolved,ALT04897,39,Unauthorized access detected,Triggered,AUD04897,2025-01-05 03:18:00,Failed,196.185.204.9
5612,jorge73,Admin,Super Admin,Inactive,LOG04398,Web Server,Network Scan,2026-03-15 17:02:00,INC04398,Unauthorized Access,Medium,2026-03-15 17:02:00,Open,ALT04398,38,Multiple failed login attempts,Resolved,AUD04398,2026-03-15 15:24:00,Failed,201.69.18.35
3900,mdavis,Operations,Super Admin,Active,LOG01340,Email Server,System Error,2025-09-16 10:40:00,INC01340,DDoS Attack,Critical,2025-09-16 10:40:00,Open,ALT01340,83,Multiple failed login attempts,Triggered,AUD01340,2025-09-16 10:15:00,Failed,150.160.35.79
2645,john93,Finance,User,Active,LOG03774,Web Server,File Access,2026-04-05 04:51:00,INC03774,DDoS Attack,Low,2026-04-05 04:51:00,Open,ALT03774,12,Multiple failed login attempts,Investigating,AUD03774,2026-04-05 03:37:00,Failed,217.17.139.83
6827,brendanlevy,Admin,Admin,Active,LOG03186,Firewall,Network Scan,2025-11-29 09:54:00,INC03186,Data Breach,High,2025-11-29 09:54:00,Closed,ALT03186,77,Unauthorized access detected,Investigating,AUD03186,2025-11-29 08:02:00,Failed,213.225.42.127
9611,tpalmer,Operations,User,Active,LOG01741,Web Server,Privilege Escalation,2025-11-28 03:53:00,INC01741,Phishing,Medium,2025-11-28 03:53:00,Open,ALT01741,33,Suspicious IP activity,Investigating,AUD01741,2025-11-28 03:18:00,Failed,209.255.182.41
3370,dawsonsydney,HR,User,Inactive,LOG01220,Email Server,System Error,2025-10-05 21:51:00,INC01220,DDoS Attack,High,2025-10-05 21:51:00,In Progress,ALT01220,64,Suspicious IP activity,Triggered,AUD01220,2025-10-05 20:33:00,Failed,59.213.231.175
9501,nskinner,Operations,Manager,Inactive,LOG01935,Database Server,System Error,2026-03-17 09:39:00,INC01935,Malware,Low,2026-03-17 09:39:00,Resolved,ALT01935,20,Unauthorized access detected,Resolved,AUD01935,2026-03-17 07:50:00,Failed,95.107.181.189
6355,jakenash,HR,Super Admin,Inactive,LOG00038,Cloud Platform,Privilege Escalation,2025-05-14 12:20:00,INC00038,Malware,Medium,2025-05-14 12:20:00,Closed,ALT00038,32,Multiple failed login attempts,Resolved,AUD00038,2025-05-14 11:10:00,Failed,172.5.110.99
6924,andrew58,Security,Manager,Active,LOG03913,VPN,Login Attempt,2025-12-16 10:19:00,INC03913,Unauthorized Access,Low,2025-12-16 10:19:00,Open,ALT03913,10,Suspicious IP activity,Investigating,AUD03913,2025-12-16 09:41:00,Failed,184.182.189.151
5755,wbryant,Operations,Manager,Active,LOG01718,Database Server,System Error,2026-01-02 08:09:00,INC01718,Brute Force,Low,2026-01-02 08:09:00,Closed,ALT01718,14,Multiple failed login attempts,Resolved,AUD01718,2026-01-02 06:22:00,Failed,26.141.27.205
6972,rayandrea,Finance,Super Admin,Active,LOG01721,Web Server,File Access,2026-04-29 04:43:00,INC01721,Ransomware,Critical,2026-04-29 04:43:00,Open,ALT01721,90,Multiple failed login attempts,Investigating,AUD01721,2026-04-29 04:11:00,Failed,100.173.1.203
1156,melissa56,Operations,Manager,Active,LOG03883,Email Server,File Access,2025-10-22 03:31:00,INC03883,Unauthorized Access,Critical,2025-10-22 03:31:00,Open,ALT03883,89,Malware detected,Resolved,AUD03883,2025-10-22 03:02:00,Failed,110.239.141.75
9122,smithwilliam,Operations,Admin,Active,LOG02808,Database Server,System Error,2025-08-10 11:14:00,INC02808,Malware,Medium,2025-08-10 11:14:00,Closed,ALT02808,34,Malware detected,Resolved,AUD02808,2025-08-10 11:05:00,Failed,63.212.140.53
1425,hayesmark,Operations,Admin,Active,LOG00536,Firewall,Login Attempt,2025-11-14 03:21:00,INC00536,Phishing,Medium,2025-11-14 03:21:00,Open,ALT00536,50,Suspicious IP activity,Resolved,AUD00536,2025-11-14 03:04:00,Failed,214.39.199.207
4116,waynenguyen,Admin,User,Inactive,LOG04309,VPN,System Error,2026-02-02 06:52:00,INC04309,Data Breach,Medium,2026-02-02 06:52:00,Closed,ALT04309,48,Unauthorized access detected,Resolved,AUD04309,2026-02-02 05:44:00,Failed,30.66.86.183
4220,johnsonmegan,HR,User,Active,LOG01865,Database Server,File Access,2026-05-13 01:17:00,INC01865,Brute Force,Medium,2026-05-13 01:17:00,In Progress,ALT01865,47,Malware detected,Resolved,AUD01865,2026-05-13 00:25:00,Success,202.238.233.201
9011,dustin73,Finance,User,Inactive,LOG00545,Web Server,Network Scan,2026-03-23 04:54:00,INC00545,Malware,Low,2026-03-23 04:54:00,In Progress,ALT00545,18,Unauthorized access detected,Resolved,AUD00545,2026-03-23 03:17:00,Failed,6.114.218.184
8836,jamiemontgomery,Finance,Admin,Inactive,LOG01965,Firewall,System Error,2025-08-23 07:33:00,INC01965,Unauthorized Access,Medium,2025-08-23 07:33:00,Open,ALT01965,51,Suspicious IP activity,Investigating,AUD01965,2025-08-23 07:01:00,Failed,143.180.6.237
1832,tbond,IT,Super Admin,Inactive,LOG04828,Email Server,Login Attempt,2026-02-07 08:54:00,INC04828,Ransomware,Low,2026-02-07 08:54:00,Closed,ALT04828,20,Suspicious IP activity,Triggered,AUD04828,2026-02-07 07:09:00,Failed,133.238.165.79
6340,koconnell,Operations,User,Active,LOG04285,Web Server,Network Scan,2025-01-14 22:53:00,INC04285,Malware,Low,2025-01-14 22:53:00,Closed,ALT04285,26,Multiple failed login attempts,Resolved,AUD04285,2025-01-14 21:00:00,Failed,141.16.114.72
7139,anthony04,Operations,Admin,Active,LOG00744,Email Server,Privilege Escalation,2026-05-15 13:57:00,INC00744,Phishing,High,2026-05-15 13:57:00,Resolved,ALT00744,71,Suspicious IP activity,Resolved,AUD00744,2026-05-15 13:53:00,Failed,59.165.57.173
8566,mckenziespencer,Operations,Super Admin,Inactive,LOG02298,Firewall,Login Attempt,2026-04-21 21:42:00,INC02298,DDoS Attack,Medium,2026-04-21 21:42:00,Closed,ALT02298,42,Suspicious IP activity,Resolved,AUD02298,2026-04-21 20:52:00,Failed,192.195.211.68
9948,petersondawn,Security,Super Admin,Active,LOG02623,Database Server,Network Scan,2025-06-25 21:37:00,INC02623,SQL Injection,Low,2025-06-25 21:37:00,In Progress,ALT02623,16,Unauthorized access detected,Triggered,AUD02623,2025-06-25 20:56:00,Failed,183.0.164.219
4297,dicksonchristina,Admin,User,Active,LOG04448,Cloud Platform,Privilege Escalation,2025-12-24 05:38:00,INC04448,Ransomware,Medium,2025-12-24 05:38:00,Open,ALT04448,52,Suspicious IP activity,Triggered,AUD04448,2025-12-24 04:53:00,Failed,28.172.78.123
6401,snyderjoseph,Finance,User,Active,LOG00765,Cloud Platform,Login Attempt,2025-04-16 20:07:00,INC00765,Data Breach,High,2025-04-16 20:07:00,Resolved,ALT00765,78,Multiple failed login attempts,Resolved,AUD00765,2025-04-16 20:00:00,Failed,179.241.87.176
6679,jessica95,HR,Manager,Inactive,LOG02252,Database Server,Network Scan,2025-07-31 19:59:00,INC02252,Malware,Medium,2025-07-31 19:59:00,Open,ALT02252,58,Suspicious IP activity,Resolved,AUD02252,2025-07-31 19:39:00,Failed,191.148.29.207
5959,bgonzalez,Security,Manager,Active,LOG01505,Firewall,System Error,2025-06-15 00:54:00,INC01505,Phishing,Low,2025-06-15 00:54:00,Resolved,ALT01505,30,Unauthorized access detected,Resolved,AUD01505,2025-06-14 23:16:00,Failed,197.152.150.93
2019,kmartin,Finance,User,Inactive,LOG03009,VPN,File Access,2025-06-29 12:31:00,INC03009,Data Breach,Low,2025-06-29 12:31:00,Open,ALT03009,15,Unauthorized access detected,Triggered,AUD03009,2025-06-29 10:58:00,Failed,205.86.74.206
8497,danielcook,Admin,Super Admin,Inactive,LOG04005,VPN,Privilege Escalation,2026-02-10 04:07:00,INC04005,Malware,Medium,2026-02-10 04:07:00,Resolved,ALT04005,36,Malware detected,Investigating,AUD04005,2026-02-10 03:05:00,Failed,145.18.39.57
8522,watersbrian,IT,Manager,Inactive,LOG01216,VPN,Network Scan,2025-11-15 12:10:00,INC01216,Malware,High,2025-11-15 12:10:00,Closed,ALT01216,79,Unauthorized access detected,Resolved,AUD01216,2025-11-15 12:00:00,Failed,221.76.141.43
3067,kelsey36,Operations,Manager,Inactive,LOG01426,Cloud Platform,Login Attempt,2026-01-23 03:47:00,INC01426,SQL Injection,Low,2026-01-23 03:47:00,Closed,ALT01426,20,Unauthorized access detected,Investigating,AUD01426,2026-01-23 01:47:00,Failed,173.99.7.139
1877,sierramurphy,Operations,Manager,Active,LOG01790,Firewall,File Access,2025-11-28 18:56:00,INC01790,Phishing,Medium,2025-11-28 18:56:00,Closed,ALT01790,49,Multiple failed login attempts,Investigating,AUD01790,2025-11-28 17:52:00,Failed,207.241.64.180
4568,kyle04,HR,User,Inactive,LOG01658,VPN,System Error,2025-02-08 22:15:00,INC01658,Ransomware,Low,2025-02-08 22:15:00,Closed,ALT01658,11,Multiple failed login attempts,Investigating,AUD01658,2025-02-08 21:04:00,Failed,11.36.198.8
3574,rogersangela,Security,Super Admin,Inactive,LOG02796,VPN,Login Attempt,2026-01-28 15:59:00,INC02796,DDoS Attack,Low,2026-01-28 15:59:00,Resolved,ALT02796,18,Malware detected,Triggered,AUD02796,2026-01-28 14:05:00,Failed,16.123.193.205
4961,victoriaperry,HR,Manager,Active,LOG04702,VPN,Login Attempt,2025-11-26 17:16:00,INC04702,Data Breach,High,2025-11-26 17:16:00,Closed,ALT04702,72,Suspicious IP activity,Investigating,AUD04702,2025-11-26 16:25:00,Failed,76.109.74.97
8132,adavidson,Security,Admin,Active,LOG00379,Email Server,Login Attempt,2026-02-21 22:37:00,INC00379,Brute Force,Low,2026-02-21 22:37:00,Open,ALT00379,16,Unauthorized access detected,Investigating,AUD00379,2026-02-21 21:25:00,Failed,220.163.33.90
7531,rhondaweeks,HR,User,Inactive,LOG01159,Email Server,System Error,2025-10-11 07:06:00,INC01159,Phishing,Low,2025-10-11 07:06:00,Open,ALT01159,23,Multiple failed login attempts,Resolved,AUD01159,2025-10-11 05:40:00,Failed,158.99.172.5
3484,salazarrobin,Admin,Admin,Inactive,LOG02058,Firewall,Login Attempt,2025-08-15 19:24:00,INC02058,Data Breach,Medium,2025-08-15 19:24:00,Open,ALT02058,54,Multiple failed login attempts,Triggered,AUD02058,2025-08-15 17:25:00,Failed,183.210.232.219
6780,kiara86,IT,Manager,Inactive,LOG02423,Email Server,File Access,2025-07-28 06:40:00,INC02423,SQL Injection,Medium,2025-07-28 06:40:00,In Progress,ALT02423,44,Malware detected,Triggered,AUD02423,2025-07-28 05:13:00,Success,91.225.168.170
8872,jgamble,Security,Super Admin,Inactive,LOG00436,Web Server,System Error,2025-11-03 23:23:00,INC00436,Malware,Critical,2025-11-03 23:23:00,Resolved,ALT00436,83,Multiple failed login attempts,Investigating,AUD00436,2025-11-03 23:02:00,Failed,90.31.220.97
9941,shelia00,Operations,Super Admin,Active,LOG00466,Database Server,File Access,2025-09-09 17:23:00,INC00466,Data Breach,High,2025-09-09 17:23:00,Closed,ALT00466,62,Malware detected,Investigating,AUD00466,2025-09-09 17:20:00,Failed,150.255.7.235
1539,webbjoseph,Finance,Admin,Active,LOG00158,Email Server,Network Scan,2026-04-06 17:36:00,INC00158,Ransomware,Critical,2026-04-06 17:36:00,Closed,ALT00158,89,Multiple failed login attempts,Investigating,AUD00158,2026-04-06 17:15:00,Failed,211.51.251.57
5694,rruiz,Operations,Manager,Active,LOG04504,Web Server,File Access,2025-03-12 05:57:00,INC04504,Unauthorized Access,Medium,2025-03-12 05:57:00,Resolved,ALT04504,58,Suspicious IP activity,Triggered,AUD04504,2025-03-12 04:36:00,Failed,118.77.1.66
3659,lopezjason,Operations,Admin,Inactive,LOG02128,Web Server,Login Attempt,2026-02-22 13:45:00,INC02128,Phishing,Low,2026-02-22 13:45:00,Open,ALT02128,13,Multiple failed login attempts,Investigating,AUD02128,2026-02-22 13:43:00,Success,97.124.137.244
4302,caitlin22,Admin,Manager,Active,LOG01045,Cloud Platform,Privilege Escalation,2025-12-15 08:28:00,INC01045,Unauthorized Access,Medium,2025-12-15 08:28:00,In Progress,ALT01045,47,Unauthorized access detected,Investigating,AUD01045,2025-12-15 07:52:00,Failed,29.244.96.102
7925,huntjustin,Security,Admin,Inactive,LOG02754,Firewall,File Access,2025-05-31 04:47:00,INC02754,Data Breach,Medium,2025-05-31 04:47:00,Open,ALT02754,59,Malware detected,Resolved,AUD02754,2025-05-31 04:27:00,Success,142.14.102.244
2823,adrienneacosta,Security,Admin,Inactive,LOG03541,Web Server,Login Attempt,2025-02-05 00:39:00,INC03541,DDoS Attack,Medium,2025-02-05 00:39:00,Resolved,ALT03541,47,Multiple failed login attempts,Investigating,AUD03541,2025-02-04 23:24:00,Failed,184.127.54.59
9330,rickybriggs,IT,Super Admin,Active,LOG02371,Database Server,Privilege Escalation,2025-01-24 15:45:00,INC02371,DDoS Attack,High,2025-01-24 15:45:00,In Progress,ALT02371,71,Malware detected,Triggered,AUD02371,2025-01-24 15:09:00,Failed,219.93.217.40
4748,karigrant,HR,User,Inactive,LOG00612,Cloud Platform,Privilege Escalation,2025-05-27 08:27:00,INC00612,Malware,High,2025-05-27 08:27:00,Open,ALT00612,77,Multiple failed login attempts,Resolved,AUD00612,2025-05-27 07:56:00,Failed,50.210.177.60
8289,gabrielware,IT,Admin,Inactive,LOG04557,Web Server,Login Attempt,2025-08-17 22:26:00,INC04557,Malware,High,2025-08-17 22:26:00,Closed,ALT04557,80,Malware detected,Investigating,AUD04557,2025-08-17 22:17:00,Failed,163.12.61.109
9033,peterbass,IT,User,Inactive,LOG01787,VPN,System Error,2025-01-30 10:10:00,INC01787,Data Breach,Medium,2025-01-30 10:10:00,Closed,ALT01787,50,Malware detected,Resolved,AUD01787,2025-01-30 08:35:00,Success,210.55.65.100
5555,robertsstephanie,Admin,User,Inactive,LOG00684,Web Server,System Error,2025-11-05 06:33:00,INC00684,Data Breach,Low,2025-11-05 06:33:00,Resolved,ALT00684,19,Suspicious IP activity,Triggered,AUD00684,2025-11-05 06:26:00,Success,143.249.232.246
6104,stephaniewilson,Admin,Manager,Active,LOG01651,Email Server,Network Scan,2025-12-06 21:05:00,INC01651,SQL Injection,Medium,2025-12-06 21:05:00,Closed,ALT01651,49,Multiple failed login attempts,Investigating,AUD01651,2025-12-06 19:07:00,Success,147.59.41.150
2974,jose54,Security,Manager,Active,LOG03785,Email Server,File Access,2026-02-17 14:34:00,INC03785,DDoS Attack,Medium,2026-02-17 14:34:00,Resolved,ALT03785,52,Malware detected,Investigating,AUD03785,2026-02-17 13:35:00,Failed,147.104.207.82
3780,susanhernandez,Admin,Manager,Inactive,LOG03361,Firewall,File Access,2025-09-12 13:07:00,INC03361,Phishing,Medium,2025-09-12 13:07:00,Resolved,ALT03361,36,Malware detected,Resolved,AUD03361,2025-09-12 11:36:00,Success,50.108.168.135
6981,kristaholt,Operations,Super Admin,Active,LOG03677,Email Server,System Error,2025-09-29 20:46:00,INC03677,Unauthorized Access,High,2025-09-29 20:46:00,Open,ALT03677,77,Unauthorized access detected,Triggered,AUD03677,2025-09-29 20:15:00,Failed,148.71.83.117
6254,matthew95,IT,Super Admin,Active,LOG01145,Database Server,File Access,2026-02-22 18:54:00,INC01145,Unauthorized Access,Critical,2026-02-22 18:54:00,Open,ALT01145,83,Multiple failed login attempts,Triggered,AUD01145,2026-02-22 17:31:00,Failed,190.169.84.78
2777,qfrank,IT,Admin,Active,LOG02415,Cloud Platform,Privilege Escalation,2025-10-18 07:15:00,INC02415,DDoS Attack,Medium,2025-10-18 07:15:00,Resolved,ALT02415,37,Malware detected,Resolved,AUD02415,2025-10-18 06:11:00,Success,14.175.215.224
6888,eharvey,Finance,Manager,Inactive,LOG03980,Database Server,File Access,2025-08-09 06:11:00,INC03980,Malware,High,2025-08-09 06:11:00,Closed,ALT03980,79,Malware detected,Triggered,AUD03980,2025-08-09 04:26:00,Failed,198.246.161.234
2389,serranogerald,Operations,User,Active,LOG04343,Web Server,Login Attempt,2025-01-19 05:08:00,INC04343,Data Breach,Medium,2025-01-19 05:08:00,In Progress,ALT04343,41,Suspicious IP activity,Triggered,AUD04343,2025-01-19 05:07:00,Failed,155.53.208.178
6681,lisa96,Admin,Admin,Inactive,LOG00347,Web Server,Privilege Escalation,2025-09-08 12:47:00,INC00347,Unauthorized Access,Medium,2025-09-08 12:47:00,Resolved,ALT00347,41,Multiple failed login attempts,Resolved,AUD00347,2025-09-08 12:14:00,Success,193.249.150.40
3566,yjimenez,Security,User,Active,LOG03856,Database Server,System Error,2025-01-24 18:04:00,INC03856,SQL Injection,Low,2025-01-24 18:04:00,Closed,ALT03856,15,Unauthorized access detected,Resolved,AUD03856,2025-01-24 17:04:00,Failed,162.52.127.126
7500,jessica13,Admin,Super Admin,Inactive,LOG04763,Web Server,File Access,2026-03-04 23:24:00,INC04763,Brute Force,Low,2026-03-04 23:24:00,Closed,ALT04763,24,Multiple failed login attempts,Triggered,AUD04763,2026-03-04 23:23:00,Success,196.233.226.133
7992,kyle75,HR,Admin,Inactive,LOG00080,Email Server,System Error,2025-07-24 13:46:00,INC00080,Malware,Low,2025-07-24 13:46:00,Open,ALT00080,24,Multiple failed login attempts,Triggered,AUD00080,2025-07-24 12:50:00,Failed,113.158.84.189
7176,gilbertrose,IT,Super Admin,Inactive,LOG00168,VPN,System Error,2025-12-04 04:45:00,INC00168,SQL Injection,Low,2025-12-04 04:45:00,Open,ALT00168,18,Malware detected,Resolved,AUD00168,2025-12-04 02:50:00,Failed,196.53.107.187
9226,bmoore,Admin,Admin,Inactive,LOG03826,Cloud Platform,Login Attempt,2025-04-20 21:12:00,INC03826,Brute Force,Low,2025-04-20 21:12:00,Open,ALT03826,15,Multiple failed login attempts,Resolved,AUD03826,2025-04-20 19:41:00,Success,43.157.166.237
9677,molly19,Admin,Super Admin,Inactive,LOG04307,VPN,Privilege Escalation,2025-03-23 06:41:00,INC04307,Phishing,Medium,2025-03-23 06:41:00,In Progress,ALT04307,39,Unauthorized access detected,Triggered,AUD04307,2025-03-23 04:48:00,Failed,93.116.175.35
8420,victorsmith,Finance,User,Active,LOG04873,Cloud Platform,File Access,2026-04-02 15:42:00,INC04873,Phishing,Medium,2026-04-02 15:42:00,Open,ALT04873,54,Unauthorized access detected,Investigating,AUD04873,2026-04-02 15:30:00,Failed,104.145.56.132
8841,christinamayo,Operations,Admin,Active,LOG04914,Email Server,System Error,2025-11-28 23:41:00,INC04914,Malware,Low,2025-11-28 23:41:00,Closed,ALT04914,25,Multiple failed login attempts,Triggered,AUD04914,2025-11-28 22:01:00,Failed,52.83.7.167
4416,mmartinez,Operations,Manager,Active,LOG01386,Database Server,Privilege Escalation,2025-05-16 04:31:00,INC01386,DDoS Attack,Critical,2025-05-16 04:31:00,Closed,ALT01386,81,Multiple failed login attempts,Resolved,AUD01386,2025-05-16 02:54:00,Failed,209.52.205.217
7387,vmiller,Operations,Super Admin,Inactive,LOG02967,Firewall,Privilege Escalation,2025-01-17 14:21:00,INC02967,SQL Injection,High,2025-01-17 14:21:00,Open,ALT02967,72,Unauthorized access detected,Resolved,AUD02967,2025-01-17 14:00:00,Success,202.252.51.185
7334,hughesshannon,Admin,Admin,Active,LOG01644,Firewall,File Access,2025-09-04 17:57:00,INC01644,Malware,Medium,2025-09-04 17:57:00,Resolved,ALT01644,57,Unauthorized access detected,Triggered,AUD01644,2025-09-04 16:41:00,Success,168.64.182.155
6744,thompsondale,Admin,Super Admin,Active,LOG00180,VPN,File Access,2025-08-13 03:49:00,INC00180,Unauthorized Access,Low,2025-08-13 03:49:00,In Progress,ALT00180,12,Multiple failed login attempts,Resolved,AUD00180,2025-08-13 03:04:00,Success,215.55.237.113
2175,williamsfrank,IT,Super Admin,Inactive,LOG04609,VPN,Privilege Escalation,2026-02-12 16:00:00,INC04609,Phishing,Low,2026-02-12 16:00:00,In Progress,ALT04609,18,Unauthorized access detected,Triggered,AUD04609,2026-02-12 14:32:00,Failed,189.197.14.220
6412,gonzalezscott,Security,User,Inactive,LOG01091,Firewall,Network Scan,2025-07-16 20:36:00,INC01091,DDoS Attack,High,2025-07-16 20:36:00,In Progress,ALT01091,79,Suspicious IP activity,Triggered,AUD01091,2025-07-16 20:22:00,Success,86.181.6.244
3992,vwilliams,Operations,Admin,Inactive,LOG04582,Firewall,Privilege Escalation,2025-11-08 22:28:00,INC04582,Malware,High,2025-11-08 22:28:00,In Progress,ALT04582,78,Malware detected,Investigating,AUD04582,2025-11-08 22:11:00,Failed,136.70.54.234
8138,john30,HR,Super Admin,Inactive,LOG03783,Cloud Platform,Privilege Escalation,2026-04-21 00:31:00,INC03783,DDoS Attack,Medium,2026-04-21 00:31:00,In Progress,ALT03783,58,Malware detected,Resolved,AUD03783,2026-04-21 00:09:00,Failed,139.129.169.48
3326,christopherreynolds,HR,Super Admin,Inactive,LOG02790,Email Server,Privilege Escalation,2025-05-25 17:37:00,INC02790,Brute Force,Medium,2025-05-25 17:37:00,Closed,ALT02790,31,Multiple failed login attempts,Triggered,AUD02790,2025-05-25 17:12:00,Failed,218.42.245.169
3413,holtanthony,IT,User,Active,LOG02482,Cloud Platform,Privilege Escalation,2025-04-15 08:55:00,INC02482,DDoS Attack,High,2025-04-15 08:55:00,Resolved,ALT02482,70,Malware detected,Resolved,AUD02482,2025-04-15 08:12:00,Failed,208.141.55.227
6244,xjenkins,Security,Manager,Inactive,LOG01116,Web Server,Login Attempt,2025-09-12 22:54:00,INC01116,Data Breach,Critical,2025-09-12 22:54:00,Open,ALT01116,97,Unauthorized access detected,Resolved,AUD01116,2025-09-12 22:30:00,Success,223.37.159.169
4237,robertmoore,Security,Super Admin,Active,LOG02996,Email Server,File Access,2025-07-31 08:37:00,INC02996,Brute Force,Medium,2025-07-31 08:37:00,In Progress,ALT02996,46,Suspicious IP activity,Resolved,AUD02996,2025-07-31 07:34:00,Failed,37.114.25.193
3991,kevin37,Operations,Super Admin,Inactive,LOG04087,Cloud Platform,File Access,2025-01-18 18:06:00,INC04087,Brute Force,Low,2025-01-18 18:06:00,In Progress,ALT04087,13,Suspicious IP activity,Triggered,AUD04087,2025-01-18 16:22:00,Failed,181.198.176.192
2615,rserrano,IT,User,Active,LOG04177,Database Server,File Access,2025-08-10 10:36:00,INC04177,Ransomware,Medium,2025-08-10 10:36:00,Open,ALT04177,49,Multiple failed login attempts,Investigating,AUD04177,2025-08-10 08:42:00,Success,194.32.151.119
2229,cmoran,Finance,User,Inactive,LOG00051,Cloud Platform,Network Scan,2025-03-22 07:11:00,INC00051,Brute Force,Low,2025-03-22 07:11:00,Resolved,ALT00051,12,Multiple failed login attempts,Triggered,AUD00051,2025-03-22 06:34:00,Failed,111.47.183.39
9167,carol07,IT,Manager,Inactive,LOG01778,Cloud Platform,Login Attempt,2025-11-04 05:29:00,INC01778,SQL Injection,Medium,2025-11-04 05:29:00,In Progress,ALT01778,34,Unauthorized access detected,Triggered,AUD01778,2025-11-04 04:14:00,Failed,216.215.133.212
9505,fcrosby,Operations,Admin,Inactive,LOG02684,Cloud Platform,Network Scan,2025-02-11 17:48:00,INC02684,Unauthorized Access,High,2025-02-11 17:48:00,In Progress,ALT02684,80,Suspicious IP activity,Resolved,AUD02684,2025-02-11 17:42:00,Failed,209.48.90.161
1605,david01,Operations,User,Active,LOG02667,Web Server,Network Scan,2025-06-21 11:19:00,INC02667,SQL Injection,Medium,2025-06-21 11:19:00,Open,ALT02667,32,Malware detected,Investigating,AUD02667,2025-06-21 09:48:00,Failed,141.201.212.71
7740,davisshelly,IT,Manager,Inactive,LOG04956,Firewall,File Access,2025-05-11 08:22:00,INC04956,DDoS Attack,Medium,2025-05-11 08:22:00,Open,ALT04956,52,Malware detected,Resolved,AUD04956,2025-05-11 07:21:00,Failed,139.252.181.241
1354,yjackson,HR,Admin,Active,LOG04610,Email Server,File Access,2025-03-29 07:30:00,INC04610,SQL Injection,High,2025-03-29 07:30:00,Open,ALT04610,74,Suspicious IP activity,Investigating,AUD04610,2025-03-29 06:18:00,Failed,219.69.169.144
6587,smithleslie,Admin,User,Active,LOG03976,Email Server,Login Attempt,2026-03-15 11:21:00,INC03976,Phishing,Medium,2026-03-15 11:21:00,Resolved,ALT03976,58,Suspicious IP activity,Resolved,AUD03976,2026-03-15 09:50:00,Failed,196.145.107.179
6759,grayalexis,Finance,User,Active,LOG01802,Cloud Platform,Login Attempt,2025-05-26 03:19:00,INC01802,Data Breach,Low,2025-05-26 03:19:00,Resolved,ALT01802,28,Suspicious IP activity,Investigating,AUD01802,2025-05-26 01:31:00,Failed,169.181.42.84
6914,briandouglas,HR,Admin,Inactive,LOG00309,Firewall,System Error,2025-08-19 23:21:00,INC00309,Malware,High,2025-08-19 23:21:00,Resolved,ALT00309,64,Suspicious IP activity,Resolved,AUD00309,2025-08-19 22:07:00,Failed,194.64.36.236
6446,jimenezjohn,Security,User,Inactive,LOG02183,Email Server,System Error,2025-07-26 00:37:00,INC02183,DDoS Attack,Medium,2025-07-26 00:37:00,Resolved,ALT02183,57,Unauthorized access detected,Investigating,AUD02183,2025-07-25 23:20:00,Failed,174.252.247.187
2581,philip76,Admin,Manager,Active,LOG01336,Firewall,Network Scan,2025-05-23 18:44:00,INC01336,Phishing,Medium,2025-05-23 18:44:00,Open,ALT01336,50,Suspicious IP activity,Investigating,AUD01336,2025-05-23 17:49:00,Failed,41.231.77.78
2878,donna41,Admin,Manager,Inactive,LOG00562,Web Server,System Error,2025-07-23 01:00:00,INC00562,Brute Force,Medium,2025-07-23 01:00:00,Closed,ALT00562,37,Multiple failed login attempts,Triggered,AUD00562,2025-07-22 23:49:00,Failed,148.81.187.209
4961,bwright,Admin,Manager,Inactive,LOG00394,Web Server,File Access,2025-12-02 18:25:00,INC00394,Data Breach,High,2025-12-02 18:25:00,Open,ALT00394,69,Multiple failed login attempts,Triggered,AUD00394,2025-12-02 18:23:00,Failed,199.214.71.197
8548,rebecca62,HR,Manager,Active,LOG03771,VPN,Privilege Escalation,2026-03-12 13:11:00,INC03771,Unauthorized Access,Medium,2026-03-12 13:11:00,In Progress,ALT03771,41,Unauthorized access detected,Investigating,AUD03771,2026-03-12 11:58:00,Failed,221.195.193.9
6314,kingnathan,HR,Admin,Active,LOG03802,Email Server,System Error,2026-01-12 23:41:00,INC03802,DDoS Attack,Medium,2026-01-12 23:41:00,Resolved,ALT03802,60,Multiple failed login attempts,Investigating,AUD03802,2026-01-12 22:34:00,Failed,195.214.145.90
9033,peterbass,IT,User,Inactive,LOG01787,VPN,System Error,2025-01-30 10:10:00,INC01787,Data Breach,Medium,2025-01-30 10:10:00,Closed,ALT01787,50,Malware detected,Resolved,AUD01787,2025-01-30 08:35:00,Success,210.55.65.100
8465,burtonjustin,Finance,Manager,Inactive,LOG02689,Cloud Platform,System Error,2025-01-25 18:59:00,INC02689,Phishing,Critical,2025-01-25 18:59:00,Closed,ALT02689,88,Unauthorized access detected,Resolved,AUD02689,2025-01-25 17:15:00,Failed,86.23.172.126
5187,awilliams,Security,User,Active,LOG04217,Database Server,Network Scan,2025-07-13 12:59:00,INC04217,Malware,Medium,2025-07-13 12:59:00,Closed,ALT04217,46,Malware detected,Triggered,AUD04217,2025-07-13 12:31:00,Failed,191.22.89.85
8726,marvin76,Finance,Admin,Active,LOG01363,Database Server,File Access,2025-08-18 14:19:00,INC01363,DDoS Attack,Medium,2025-08-18 14:19:00,Closed,ALT01363,39,Malware detected,Triggered,AUD01363,2025-08-18 12:32:00,Failed,204.60.92.132
6513,stonedouglas,Security,Admin,Inactive,LOG04815,Database Server,Login Attempt,2025-11-25 13:18:00,INC04815,Ransomware,Critical,2025-11-25 13:18:00,In Progress,ALT04815,82,Unauthorized access detected,Triggered,AUD04815,2025-11-25 11:58:00,Success,223.229.91.247
6268,traceyharrison,HR,User,Active,LOG02035,Email Server,System Error,2025-04-12 22:45:00,INC02035,Data Breach,Low,2025-04-12 22:45:00,In Progress,ALT02035,16,Malware detected,Resolved,AUD02035,2025-04-12 21:06:00,Failed,134.101.232.14
1211,kpeters,Finance,Super Admin,Active,LOG02560,Cloud Platform,System Error,2025-07-03 16:39:00,INC02560,Brute Force,Medium,2025-07-03 16:39:00,Closed,ALT02560,32,Multiple failed login attempts,Resolved,AUD02560,2025-07-03 14:47:00,Success,217.89.157.15
1211,kpeters,Finance,Super Admin,Active,LOG02560,Cloud Platform,System Error,2025-07-03 16:39:00,INC02560,Brute Force,Medium,2025-07-03 16:39:00,Closed,ALT02560,32,Multiple failed login attempts,Resolved,AUD02560,2025-07-03 14:47:00,Success,217.89.157.15
1735,andre18,Operations,User,Inactive,LOG02233,Firewall,System Error,2025-04-02 20:31:00,INC02233,DDoS Attack,High,2025-04-02 20:31:00,Resolved,ALT02233,61,Unauthorized access detected,Investigating,AUD02233,2025-04-02 19:18:00,Failed,220.245.246.31
9802,duncandarren,Operations,Admin,Active,LOG04204,Database Server,Login Attempt,2026-03-27 04:10:00,INC04204,DDoS Attack,Medium,2026-03-27 04:10:00,Closed,ALT04204,48,Malware detected,Investigating,AUD04204,2026-03-27 03:58:00,Success,209.239.173.1
5004,jamie65,Finance,User,Active,LOG04841,Database Server,Privilege Escalation,2026-03-22 13:50:00,INC04841,SQL Injection,High,2026-03-22 13:50:00,Open,ALT04841,69,Suspicious IP activity,Triggered,AUD04841,2026-03-22 13:17:00,Failed,192.173.220.40
9409,moorepaul,Operations,Manager,Active,LOG03545,Firewall,Login Attempt,2025-12-12 19:39:00,INC03545,Ransomware,Low,2025-12-12 19:39:00,Closed,ALT03545,13,Unauthorized access detected,Triggered,AUD03545,2025-12-12 18:07:00,Success,211.106.253.125
6457,laurenweber,Admin,Admin,Active,LOG02303,VPN,File Access,2026-03-19 19:59:00,INC02303,Data Breach,Medium,2026-03-19 19:59:00,Closed,ALT02303,42,Unauthorized access detected,Triggered,AUD02303,2026-03-19 19:36:00,Failed,37.109.50.33
8415,ahall,IT,Admin,Active,LOG03291,Web Server,Login Attempt,2025-03-21 17:02:00,INC03291,Unauthorized Access,High,2025-03-21 17:02:00,Closed,ALT03291,80,Malware detected,Investigating,AUD03291,2025-03-21 15:16:00,Success,116.59.92.19
6482,mariamassey,IT,Admin,Active,LOG00094,VPN,System Error,2025-12-14 19:03:00,INC00094,DDoS Attack,Medium,2025-12-14 19:03:00,Resolved,ALT00094,41,Suspicious IP activity,Investigating,AUD00094,2025-12-14 18:52:00,Failed,75.36.239.61
3284,ybrown,HR,Manager,Inactive,LOG02329,Email Server,File Access,2025-11-19 07:49:00,INC02329,SQL Injection,Medium,2025-11-19 07:49:00,Closed,ALT02329,33,Multiple failed login attempts,Investigating,AUD02329,2025-11-19 06:48:00,Success,156.219.255.76
8426,steven98,Admin,User,Active,LOG00470,Web Server,File Access,2026-01-09 17:47:00,INC00470,Brute Force,Medium,2026-01-09 17:47:00,In Progress,ALT00470,50,Multiple failed login attempts,Investigating,AUD00470,2026-01-09 17:21:00,Failed,201.251.111.42
1338,davidserrano,IT,Manager,Inactive,LOG01028,Email Server,Privilege Escalation,2025-02-10 10:41:00,INC01028,DDoS Attack,Low,2025-02-10 10:41:00,Closed,ALT01028,23,Suspicious IP activity,Investigating,AUD01028,2025-02-10 10:14:00,Failed,54.224.11.232
5895,butleralyssa,Finance,Admin,Active,LOG00323,Web Server,File Access,2025-09-24 03:16:00,INC00323,Malware,Low,2025-09-24 03:16:00,In Progress,ALT00323,27,Unauthorized access detected,Investigating,AUD00323,2025-09-24 03:14:00,Failed,214.39.39.216
6901,richard07,Admin,Admin,Inactive,LOG00249,Web Server,Login Attempt,2026-03-24 01:54:00,INC00249,Malware,Low,2026-03-24 01:54:00,Open,ALT00249,15,Multiple failed login attempts,Triggered,AUD00249,2026-03-24 00:29:00,Failed,206.253.185.100
4384,johnsonsean,HR,Super Admin,Inactive,LOG04960,Cloud Platform,Privilege Escalation,2025-05-25 10:50:00,INC04960,Ransomware,High,2025-05-25 10:50:00,In Progress,ALT04960,77,Suspicious IP activity,Investigating,AUD04960,2025-05-25 10:01:00,Success,72.55.132.226
8756,matthewsmichael,Security,Super Admin,Inactive,LOG04443,Web Server,File Access,2025-11-11 17:33:00,INC04443,Malware,Low,2025-11-11 17:33:00,Open,ALT04443,27,Malware detected,Resolved,AUD04443,2025-11-11 15:43:00,Failed,104.249.16.154
6738,veronica62,Finance,Admin,Active,LOG03859,VPN,Privilege Escalation,2026-01-05 08:39:00,INC03859,Phishing,Low,2026-01-05 08:39:00,Resolved,ALT03859,26,Unauthorized access detected,Resolved,AUD03859,2026-01-05 08:01:00,Failed,160.218.219.155
2376,oclark,Admin,Manager,Active,LOG02795,VPN,Login Attempt,2025-04-03 08:43:00,INC02795,Malware,Medium,2025-04-03 08:43:00,In Progress,ALT02795,55,Unauthorized access detected,Resolved,AUD02795,2025-04-03 08:26:00,Failed,56.124.155.167
1766,hernandezholly,Security,Admin,Active,LOG02590,Database Server,Login Attempt,2026-03-01 04:37:00,INC02590,DDoS Attack,Medium,2026-03-01 04:37:00,Closed,ALT02590,38,Multiple failed login attempts,Investigating,AUD02590,2026-03-01 03:22:00,Failed,193.192.30.168
3230,psantos,Admin,Admin,Active,LOG00866,Firewall,Privilege Escalation,2026-04-03 15:29:00,INC00866,DDoS Attack,Medium,2026-04-03 15:29:00,In Progress,ALT00866,44,Multiple failed login attempts,Triggered,AUD00866,2026-04-03 13:52:00,Failed,125.37.47.143
